# Created by FreeCAD <https://www.freecad.org>
v 20.000000 0.000000 21.000000
v 20.000000 0.000000 100.000000
v 0.000000 0.000000 100.000000
v 0.000000 0.000000 0.000000
v 20.013250 0.000000 20.460255
v 20.052967 0.000000 19.921812
v 20.119059 0.000000 19.385965
v 20.211363 0.000000 18.854006
v 20.329657 0.000000 18.327217
v 20.473656 0.000000 17.806868
v 20.643015 0.000000 17.294212
v 20.837326 0.000000 16.790482
v 21.056118 0.000000 16.296894
v 21.298866 0.000000 15.814636
v 21.564985 0.000000 15.344870
v 21.853834 0.000000 14.888727
v 22.164717 0.000000 14.447308
v 22.496885 0.000000 14.021674
v 22.849537 0.000000 13.612851
v 23.221825 0.000000 13.221826
v 23.612852 0.000000 12.849538
v 24.021673 0.000000 12.496885
v 24.447308 0.000000 12.164717
v 24.888727 0.000000 11.853834
v 25.344870 0.000000 11.564985
v 25.814636 0.000000 11.298866
v 26.296894 0.000000 11.056118
v 26.790482 0.000000 10.837325
v 27.294212 0.000000 10.643015
v 27.806868 0.000000 10.473657
v 28.327217 0.000000 10.329657
v 28.854006 0.000000 10.211362
v 29.385965 0.000000 10.119059
v 29.921812 0.000000 10.052968
v 30.460255 0.000000 10.013250
v 31.000000 0.000000 10.000000
v 180.000000 0.000000 21.000000
v 200.000000 0.000000 100.000000
v 180.000000 0.000000 100.000000
v 200.000000 0.000000 0.000000
v 169.539749 0.000000 10.013250
v 169.000000 0.000000 10.000000
v 170.078186 0.000000 10.052968
v 170.614029 0.000000 10.119059
v 171.145996 0.000000 10.211362
v 171.672775 0.000000 10.329657
v 172.193130 0.000000 10.473657
v 172.705795 0.000000 10.643015
v 173.209518 0.000000 10.837325
v 173.703110 0.000000 11.056118
v 174.185364 0.000000 11.298866
v 174.655136 0.000000 11.564985
v 175.111267 0.000000 11.853834
v 175.552689 0.000000 12.164717
v 175.978333 0.000000 12.496885
v 176.387146 0.000000 12.849538
v 176.778168 0.000000 13.221826
v 177.150467 0.000000 13.612851
v 177.503113 0.000000 14.021674
v 177.835281 0.000000 14.447308
v 178.146164 0.000000 14.888727
v 178.435013 0.000000 15.344870
v 178.701141 0.000000 15.814636
v 178.943878 0.000000 16.296894
v 179.162674 0.000000 16.790482
v 179.356979 0.000000 17.294212
v 179.526337 0.000000 17.806868
v 179.670349 0.000000 18.327217
v 179.788635 0.000000 18.854006
v 179.880936 0.000000 19.385965
v 179.947037 0.000000 19.921812
v 179.986755 0.000000 20.460255
v 180.000000 20.000000 21.000000
v 180.000000 20.000000 100.000000
v 169.000000 31.000000 10.000000
v 169.763962 30.236034 10.026562
v 170.524246 29.475758 10.106117
v 171.277161 28.722841 10.238283
v 171.945480 28.054518 10.401692
v 172.537201 27.462805 10.584231
v 173.117706 26.882299 10.799777
v 173.685150 26.314846 11.047647
v 174.237762 25.762238 11.327056
v 174.773773 25.226227 11.637118
v 175.291489 24.708515 11.976851
v 175.789261 24.210739 12.345179
v 176.218903 23.781094 12.700157
v 176.589767 23.410225 13.037882
v 176.944855 23.055140 13.392163
v 177.283432 22.716574 13.762263
v 177.604767 22.395231 14.147413
v 177.908218 22.091782 14.546812
v 178.193146 21.806854 14.959629
v 178.433258 21.566750 15.341928
v 178.635773 21.364227 15.694165
v 178.825150 21.174852 16.053640
v 179.001114 20.998882 16.419865
v 179.163437 20.836557 16.792336
v 179.311905 20.688099 17.170549
v 179.446289 20.553709 17.553988
v 179.566422 20.433571 17.942127
v 179.672150 20.327850 18.334438
v 179.763306 20.236689 18.730387
v 179.832809 20.167196 19.089403
v 179.885117 20.114887 19.414335
v 179.927673 20.072323 19.740686
v 179.960464 20.039539 20.068165
v 179.983429 20.016569 20.396477
v 179.995850 20.004143 20.698124
v 188.460587 8.571637 100.000000
v 188.533707 8.496679 100.000000
v 188.610458 8.425460 100.000000
v 188.391312 8.650146 100.000000
v 188.690674 8.358154 100.000000
v 188.326019 8.732011 100.000000
v 188.774139 8.294930 100.000000
v 188.264893 8.817028 100.000000
v 188.860657 8.235946 100.000000
v 188.208084 8.904986 100.000000
v 188.949997 8.181347 100.000000
v 188.155731 8.995667 100.000000
v 189.041962 8.131269 100.000000
v 188.107971 9.088844 100.000000
v 189.136292 8.085837 100.000000
v 188.064896 9.184287 100.000000
v 189.232788 8.045165 100.000000
v 188.026642 9.281757 100.000000
v 189.331177 8.009353 100.000000
v 187.993301 9.381014 100.000000
v 189.431229 7.978489 100.000000
v 187.964935 9.481810 100.000000
v 189.532700 7.952652 100.000000
v 187.941635 9.583893 100.000000
v 189.635345 7.931904 100.000000
v 187.923462 9.687011 100.000000
v 189.738876 7.916297 100.000000
v 187.910431 9.790908 100.000000
v 189.843063 7.905872 100.000000
v 187.902603 9.895324 100.000000
v 189.947647 7.900653 100.000000
v 187.899994 10.000000 100.000000
v 190.052353 7.900653 100.000000
v 190.261124 7.916297 100.000000
v 190.156937 7.905872 100.000000
v 190.364655 7.931904 100.000000
v 190.467300 7.952652 100.000000
v 190.568771 7.978489 100.000000
v 190.668823 8.009353 100.000000
v 190.767212 8.045165 100.000000
v 190.863708 8.085837 100.000000
v 190.958038 8.131269 100.000000
v 191.050003 8.181347 100.000000
v 191.139343 8.235946 100.000000
v 191.225861 8.294930 100.000000
v 191.309326 8.358154 100.000000
v 191.389542 8.425460 100.000000
v 191.466293 8.496679 100.000000
v 188.391312 11.349854 100.000000
v 188.460587 11.428363 100.000000
v 188.326019 11.267989 100.000000
v 188.264893 11.182972 100.000000
v 188.208084 11.095014 100.000000
v 188.155731 11.004333 100.000000
v 188.107971 10.911156 100.000000
v 188.064896 10.815713 100.000000
v 188.026642 10.718243 100.000000
v 187.993301 10.618986 100.000000
v 187.964935 10.518190 100.000000
v 187.941635 10.416107 100.000000
v 187.923462 10.312989 100.000000
v 187.910431 10.209092 100.000000
v 187.902603 10.104676 100.000000
v 188.533707 11.503321 100.000000
v 191.539413 8.571637 100.000000
v 188.610458 11.574540 100.000000
v 191.608688 8.650146 100.000000
v 188.690674 11.641846 100.000000
v 191.673981 8.732011 100.000000
v 188.774139 11.705070 100.000000
v 191.735107 8.817028 100.000000
v 188.860657 11.764054 100.000000
v 191.791916 8.904986 100.000000
v 188.949997 11.818653 100.000000
v 191.844269 8.995667 100.000000
v 189.041962 11.868731 100.000000
v 191.892029 9.088844 100.000000
v 189.136292 11.914163 100.000000
v 191.935104 9.184287 100.000000
v 189.232788 11.954835 100.000000
v 191.973358 9.281757 100.000000
v 189.331177 11.990647 100.000000
v 192.006699 9.381014 100.000000
v 189.431229 12.021511 100.000000
v 192.035065 9.481810 100.000000
v 189.532700 12.047349 100.000000
v 192.058365 9.583893 100.000000
v 189.635345 12.068096 100.000000
v 192.076538 9.687011 100.000000
v 189.738876 12.083702 100.000000
v 192.089569 9.790908 100.000000
v 189.843063 12.094128 100.000000
v 192.097397 9.895324 100.000000
v 189.947647 12.099347 100.000000
v 192.100006 10.000000 100.000000
v 200.000000 20.000000 100.000000
v 192.097397 10.104676 100.000000
v 192.089569 10.209092 100.000000
v 192.076538 10.312989 100.000000
v 192.058365 10.416107 100.000000
v 192.035065 10.518190 100.000000
v 192.006699 10.618986 100.000000
v 191.973358 10.718243 100.000000
v 191.935104 10.815713 100.000000
v 191.892029 10.911156 100.000000
v 191.844269 11.004333 100.000000
v 191.791916 11.095014 100.000000
v 191.735107 11.182972 100.000000
v 191.673981 11.267989 100.000000
v 191.608688 11.349854 100.000000
v 191.539413 11.428363 100.000000
v 191.466293 11.503321 100.000000
v 191.389542 11.574540 100.000000
v 191.309326 11.641846 100.000000
v 191.225861 11.705070 100.000000
v 191.139343 11.764054 100.000000
v 191.050003 11.818653 100.000000
v 190.958038 11.868731 100.000000
v 190.863708 11.914163 100.000000
v 190.767212 11.954835 100.000000
v 190.668823 11.990647 100.000000
v 190.568771 12.021511 100.000000
v 190.467300 12.047349 100.000000
v 190.364655 12.068096 100.000000
v 190.261124 12.083702 100.000000
v 190.156937 12.094128 100.000000
v 190.052353 12.099347 100.000000
v 31.000000 129.000000 10.000000
v 0.000000 129.000000 10.000000
v 0.000000 31.000000 10.000000
v 31.000000 31.000000 10.000000
v 169.000000 129.000000 10.000000
v 200.000000 129.000000 10.000000
v 200.000000 31.000000 10.000000
v 169.000000 160.000000 10.000000
v 31.000000 160.000000 10.000000
v 200.000000 137.150467 13.612851
v 200.000000 136.778168 13.221826
v 200.000000 160.000000 0.000000
v 200.000000 136.387146 12.849538
v 200.000000 135.978333 12.496885
v 200.000000 137.503113 14.021674
v 200.000000 137.835281 14.447308
v 200.000000 135.552689 12.164717
v 200.000000 138.146164 14.888727
v 200.000000 135.111267 11.853834
v 200.000000 138.435013 15.344870
v 200.000000 134.655136 11.564985
v 200.000000 138.701141 15.814636
v 200.000000 134.185364 11.298866
v 200.000000 138.943878 16.296894
v 200.000000 133.703110 11.056118
v 200.000000 139.162674 16.790482
v 200.000000 133.209518 10.837325
v 200.000000 139.356979 17.294212
v 200.000000 132.705795 10.643015
v 200.000000 139.526337 17.806868
v 200.000000 132.193130 10.473657
v 200.000000 139.670349 18.327217
v 200.000000 131.672775 10.329657
v 200.000000 139.788635 18.854006
v 200.000000 131.145996 10.211362
v 200.000000 139.880936 19.385965
v 200.000000 130.614029 10.119059
v 200.000000 139.947037 19.921812
v 200.000000 130.078186 10.052968
v 200.000000 139.986755 20.460255
v 200.000000 129.539749 10.013250
v 200.000000 140.000000 21.000000
v 200.000000 160.000000 100.000000
v 200.000000 140.000000 100.000000
v 200.000000 30.460255 10.013250
v 200.000000 29.921812 10.052968
v 200.000000 29.385965 10.119059
v 200.000000 28.854006 10.211362
v 200.000000 28.327217 10.329657
v 200.000000 27.806868 10.473657
v 200.000000 27.294212 10.643015
v 200.000000 26.790482 10.837325
v 200.000000 26.296894 11.056118
v 200.000000 25.814636 11.298866
v 200.000000 25.344870 11.564985
v 200.000000 24.888727 11.853834
v 200.000000 24.447308 12.164717
v 200.000000 24.021673 12.496885
v 200.000000 23.612852 12.849538
v 200.000000 23.221825 13.221826
v 200.000000 22.849537 13.612851
v 200.000000 22.496885 14.021674
v 200.000000 22.164717 14.447308
v 200.000000 21.853834 14.888727
v 200.000000 21.564985 15.344870
v 200.000000 21.298866 15.814636
v 200.000000 21.056118 16.296894
v 200.000000 20.837326 16.790482
v 200.000000 20.643015 17.294212
v 200.000000 20.473656 17.806868
v 200.000000 20.329657 18.327217
v 200.000000 20.211363 18.854006
v 200.000000 20.119059 19.385965
v 200.000000 20.052967 19.921812
v 200.000000 20.013250 20.460255
v 200.000000 20.000000 21.000000
v 30.236034 30.236034 10.026562
v 29.475758 29.475758 10.106117
v 28.722841 28.722841 10.238283
v 28.054518 28.054518 10.401692
v 27.462805 27.462805 10.584231
v 26.882299 26.882299 10.799777
v 26.314846 26.314846 11.047647
v 25.762238 25.762238 11.327056
v 25.226227 25.226227 11.637118
v 24.708515 24.708515 11.976851
v 24.210739 24.210739 12.345179
v 23.781094 23.781094 12.700157
v 23.410225 23.410225 13.037882
v 23.055140 23.055140 13.392163
v 22.716574 22.716574 13.762263
v 22.395231 22.395231 14.147413
v 22.091782 22.091782 14.546812
v 21.806854 21.806854 14.959629
v 21.566750 21.566750 15.341928
v 21.364227 21.364227 15.694165
v 21.174852 21.174852 16.053640
v 20.998882 20.998882 16.419865
v 20.836557 20.836557 16.792336
v 20.688099 20.688099 17.170549
v 20.553709 20.553709 17.553988
v 20.433571 20.433571 17.942127
v 20.327850 20.327850 18.334438
v 20.236689 20.236689 18.730387
v 20.167196 20.167196 19.089403
v 20.114887 20.114887 19.414335
v 20.072323 20.072323 19.740686
v 20.039539 20.039539 20.068165
v 20.016569 20.016569 20.396477
v 20.004143 20.004143 20.698124
v 20.000000 20.000000 21.000000
v 0.000000 160.000000 0.000000
v 20.000000 20.000000 100.000000
v 0.000000 140.000000 21.000000
v 0.000000 140.000000 100.000000
v 0.000000 160.000000 100.000000
v 0.000000 139.986755 20.460255
v 0.000000 139.947037 19.921812
v 0.000000 139.880936 19.385965
v 0.000000 139.788635 18.854006
v 0.000000 139.670349 18.327217
v 0.000000 139.526337 17.806868
v 0.000000 139.356979 17.294212
v 0.000000 139.162674 16.790482
v 0.000000 138.943878 16.296894
v 0.000000 138.701141 15.814636
v 0.000000 138.435013 15.344870
v 0.000000 138.146164 14.888727
v 0.000000 137.835281 14.447308
v 0.000000 137.503113 14.021674
v 0.000000 137.150467 13.612851
v 0.000000 136.778168 13.221826
v 0.000000 136.387146 12.849538
v 0.000000 135.978333 12.496885
v 0.000000 135.552689 12.164717
v 0.000000 135.111267 11.853834
v 0.000000 134.655136 11.564985
v 0.000000 134.185364 11.298866
v 0.000000 133.703110 11.056118
v 0.000000 133.209518 10.837325
v 0.000000 132.705795 10.643015
v 0.000000 132.193130 10.473657
v 0.000000 131.672775 10.329657
v 0.000000 131.145996 10.211362
v 0.000000 130.614029 10.119059
v 0.000000 130.078186 10.052968
v 0.000000 129.539749 10.013250
v 0.000000 20.000000 21.000000
v 0.000000 20.000000 100.000000
v 0.000000 30.460255 10.013250
v 0.000000 29.921812 10.052968
v 0.000000 29.385965 10.119059
v 0.000000 28.854006 10.211362
v 0.000000 28.327217 10.329657
v 0.000000 27.806868 10.473657
v 0.000000 27.294212 10.643015
v 0.000000 26.790482 10.837325
v 0.000000 26.296894 11.056118
v 0.000000 25.814636 11.298866
v 0.000000 25.344870 11.564985
v 0.000000 24.888727 11.853834
v 0.000000 24.447308 12.164717
v 0.000000 24.021673 12.496885
v 0.000000 23.612852 12.849538
v 0.000000 23.221825 13.221826
v 0.000000 22.849537 13.612851
v 0.000000 22.496885 14.021674
v 0.000000 22.164717 14.447308
v 0.000000 21.853834 14.888727
v 0.000000 21.564985 15.344870
v 0.000000 21.298866 15.814636
v 0.000000 21.056118 16.296894
v 0.000000 20.837326 16.790482
v 0.000000 20.643015 17.294212
v 0.000000 20.473656 17.806868
v 0.000000 20.329657 18.327217
v 0.000000 20.211363 18.854006
v 0.000000 20.119059 19.385965
v 0.000000 20.052967 19.921812
v 0.000000 20.013250 20.460255
v 8.460591 8.571637 100.000000
v 8.533703 8.496679 100.000000
v 8.610459 8.425460 100.000000
v 8.391307 8.650146 100.000000
v 8.690671 8.358154 100.000000
v 8.326022 8.732011 100.000000
v 8.774138 8.294930 100.000000
v 8.264898 8.817028 100.000000
v 8.860653 8.235946 100.000000
v 8.208089 8.904986 100.000000
v 8.950000 8.181347 100.000000
v 8.155735 8.995667 100.000000
v 9.041958 8.131269 100.000000
v 8.107965 9.088844 100.000000
v 9.136297 8.085837 100.000000
v 8.064900 9.184287 100.000000
v 9.232784 8.045165 100.000000
v 8.026646 9.281757 100.000000
v 9.331178 8.009353 100.000000
v 7.993297 9.381014 100.000000
v 9.431235 7.978489 100.000000
v 7.964938 9.481810 100.000000
v 9.532706 7.952652 100.000000
v 7.941638 9.583893 100.000000
v 9.635339 7.931904 100.000000
v 7.923455 9.687011 100.000000
v 9.738878 7.916297 100.000000
v 7.910435 9.790908 100.000000
v 9.843067 7.905872 100.000000
v 7.902610 9.895324 100.000000
v 9.947645 7.900653 100.000000
v 7.900000 10.000000 100.000000
v 8.391307 11.349854 100.000000
v 8.460591 11.428363 100.000000
v 8.326022 11.267989 100.000000
v 8.264898 11.182972 100.000000
v 8.208089 11.095014 100.000000
v 8.155735 11.004333 100.000000
v 8.107965 10.911156 100.000000
v 8.064900 10.815713 100.000000
v 8.026646 10.718243 100.000000
v 7.993297 10.618986 100.000000
v 7.964938 10.518190 100.000000
v 7.941638 10.416107 100.000000
v 7.923455 10.312989 100.000000
v 7.910435 10.209092 100.000000
v 7.902610 10.104676 100.000000
v 10.261122 7.916297 100.000000
v 10.156933 7.905872 100.000000
v 10.364661 7.931904 100.000000
v 10.467294 7.952652 100.000000
v 10.568765 7.978489 100.000000
v 10.668822 8.009353 100.000000
v 10.767216 8.045165 100.000000
v 10.863703 8.085837 100.000000
v 10.958042 8.131269 100.000000
v 11.050000 8.181347 100.000000
v 11.139347 8.235946 100.000000
v 11.225862 8.294930 100.000000
v 11.309329 8.358154 100.000000
v 11.389541 8.425460 100.000000
v 11.466297 8.496679 100.000000
v 10.052355 7.900653 100.000000
v 8.533703 11.503321 100.000000
v 11.539409 8.571637 100.000000
v 8.610459 11.574540 100.000000
v 11.608693 8.650146 100.000000
v 8.690671 11.641846 100.000000
v 11.673978 8.732011 100.000000
v 8.774138 11.705070 100.000000
v 11.735102 8.817028 100.000000
v 8.860653 11.764054 100.000000
v 11.791911 8.904986 100.000000
v 8.950000 11.818653 100.000000
v 11.844265 8.995667 100.000000
v 9.041958 11.868731 100.000000
v 11.892035 9.088844 100.000000
v 9.136297 11.914163 100.000000
v 11.935100 9.184287 100.000000
v 9.232784 11.954835 100.000000
v 11.973354 9.281757 100.000000
v 9.331178 11.990647 100.000000
v 12.006702 9.381014 100.000000
v 9.431235 12.021511 100.000000
v 12.035062 9.481810 100.000000
v 9.532706 12.047349 100.000000
v 12.058362 9.583893 100.000000
v 9.635339 12.068096 100.000000
v 12.076545 9.687011 100.000000
v 9.738878 12.083702 100.000000
v 12.089564 9.790908 100.000000
v 9.843067 12.094128 100.000000
v 12.097389 9.895324 100.000000
v 9.947645 12.099347 100.000000
v 12.100000 10.000000 100.000000
v 10.052355 12.099347 100.000000
v 12.097389 10.104676 100.000000
v 12.089564 10.209092 100.000000
v 12.076545 10.312989 100.000000
v 12.058362 10.416107 100.000000
v 12.035062 10.518190 100.000000
v 12.006702 10.618986 100.000000
v 11.973354 10.718243 100.000000
v 11.935100 10.815713 100.000000
v 11.892035 10.911156 100.000000
v 11.844265 11.004333 100.000000
v 11.791911 11.095014 100.000000
v 11.735102 11.182972 100.000000
v 11.673978 11.267989 100.000000
v 11.608693 11.349854 100.000000
v 11.539409 11.428363 100.000000
v 11.466297 11.503321 100.000000
v 11.389541 11.574540 100.000000
v 11.309329 11.641846 100.000000
v 11.225862 11.705070 100.000000
v 11.139347 11.764054 100.000000
v 11.050000 11.818653 100.000000
v 10.958042 11.868731 100.000000
v 10.863703 11.914163 100.000000
v 10.767216 11.954835 100.000000
v 10.668822 11.990647 100.000000
v 10.568765 12.021511 100.000000
v 10.467294 12.047349 100.000000
v 10.364661 12.068096 100.000000
v 10.261122 12.083702 100.000000
v 10.156933 12.094128 100.000000
v 192.097397 10.104676 10.000000
v 192.100006 10.000000 10.000000
v 192.089569 10.209092 10.000000
v 192.076538 10.312989 10.000000
v 192.058365 10.416107 10.000000
v 192.035065 10.518190 10.000000
v 192.006699 10.618986 10.000000
v 191.973358 10.718243 10.000000
v 191.935104 10.815713 10.000000
v 191.892029 10.911156 10.000000
v 191.844269 11.004333 10.000000
v 191.791916 11.095014 10.000000
v 191.735107 11.182972 10.000000
v 191.673981 11.267989 10.000000
v 191.608688 11.349854 10.000000
v 191.539413 11.428363 10.000000
v 191.466293 11.503321 10.000000
v 191.389542 11.574540 10.000000
v 191.309326 11.641846 10.000000
v 191.225861 11.705070 10.000000
v 191.139343 11.764054 10.000000
v 191.050003 11.818653 10.000000
v 190.958038 11.868731 10.000000
v 190.863708 11.914163 10.000000
v 190.767212 11.954835 10.000000
v 190.668823 11.990647 10.000000
v 190.568771 12.021511 10.000000
v 190.467300 12.047349 10.000000
v 190.364655 12.068096 10.000000
v 190.261124 12.083702 10.000000
v 190.156937 12.094128 10.000000
v 190.052353 12.099347 10.000000
v 189.947647 12.099347 10.000000
v 189.843063 12.094128 10.000000
v 189.738876 12.083702 10.000000
v 189.635345 12.068096 10.000000
v 189.532700 12.047349 10.000000
v 189.431229 12.021511 10.000000
v 189.331177 11.990647 10.000000
v 189.232788 11.954835 10.000000
v 189.136292 11.914163 10.000000
v 189.041962 11.868731 10.000000
v 188.949997 11.818653 10.000000
v 188.860657 11.764054 10.000000
v 188.774139 11.705070 10.000000
v 188.690674 11.641846 10.000000
v 188.610458 11.574540 10.000000
v 188.533707 11.503321 10.000000
v 188.460587 11.428363 10.000000
v 188.391312 11.349854 10.000000
v 188.326019 11.267989 10.000000
v 188.264893 11.182972 10.000000
v 188.208084 11.095014 10.000000
v 188.155731 11.004333 10.000000
v 188.107971 10.911156 10.000000
v 188.064896 10.815713 10.000000
v 188.026642 10.718243 10.000000
v 187.993301 10.618986 10.000000
v 187.964935 10.518190 10.000000
v 187.941635 10.416107 10.000000
v 187.923462 10.312989 10.000000
v 187.910431 10.209092 10.000000
v 187.902603 10.104676 10.000000
v 187.899994 10.000000 10.000000
v 187.902603 9.895324 10.000000
v 187.910431 9.790908 10.000000
v 187.923462 9.687011 10.000000
v 187.941635 9.583893 10.000000
v 187.964935 9.481810 10.000000
v 187.993301 9.381014 10.000000
v 188.026642 9.281757 10.000000
v 188.064896 9.184287 10.000000
v 188.107971 9.088844 10.000000
v 188.155731 8.995667 10.000000
v 188.208084 8.904986 10.000000
v 188.264893 8.817028 10.000000
v 188.326019 8.732011 10.000000
v 188.391312 8.650146 10.000000
v 188.460587 8.571637 10.000000
v 188.533707 8.496679 10.000000
v 188.610458 8.425460 10.000000
v 188.690674 8.358154 10.000000
v 188.774139 8.294930 10.000000
v 188.860657 8.235946 10.000000
v 188.949997 8.181347 10.000000
v 189.041962 8.131269 10.000000
v 189.136292 8.085837 10.000000
v 189.232788 8.045165 10.000000
v 189.331177 8.009353 10.000000
v 189.431229 7.978489 10.000000
v 189.532700 7.952652 10.000000
v 189.635345 7.931904 10.000000
v 189.738876 7.916297 10.000000
v 189.843063 7.905872 10.000000
v 189.947647 7.900653 10.000000
v 190.052353 7.900653 10.000000
v 190.156937 7.905872 10.000000
v 190.261124 7.916297 10.000000
v 190.364655 7.931904 10.000000
v 190.467300 7.952652 10.000000
v 190.568771 7.978489 10.000000
v 190.668823 8.009353 10.000000
v 190.767212 8.045165 10.000000
v 190.863708 8.085837 10.000000
v 190.958038 8.131269 10.000000
v 191.050003 8.181347 10.000000
v 191.139343 8.235946 10.000000
v 191.225861 8.294930 10.000000
v 191.309326 8.358154 10.000000
v 191.389542 8.425460 10.000000
v 191.466293 8.496679 10.000000
v 191.539413 8.571637 10.000000
v 191.608688 8.650146 10.000000
v 191.673981 8.732011 10.000000
v 191.735107 8.817028 10.000000
v 191.791916 8.904986 10.000000
v 191.844269 8.995667 10.000000
v 191.892029 9.088844 10.000000
v 191.935104 9.184287 10.000000
v 191.973358 9.281757 10.000000
v 192.006699 9.381014 10.000000
v 192.035065 9.481810 10.000000
v 192.058365 9.583893 10.000000
v 192.076538 9.687011 10.000000
v 192.089569 9.790908 10.000000
v 192.097397 9.895324 10.000000
v 30.236034 129.763962 10.026562
v 29.475758 130.524246 10.106117
v 28.722841 131.277161 10.238283
v 28.054518 131.945480 10.401692
v 27.462805 132.537201 10.584231
v 26.882299 133.117706 10.799777
v 26.314846 133.685150 11.047647
v 25.762238 134.237762 11.327056
v 25.226227 134.773773 11.637118
v 24.708515 135.291489 11.976851
v 24.210739 135.789261 12.345179
v 23.781094 136.218903 12.700157
v 23.410225 136.589767 13.037882
v 23.055140 136.944855 13.392163
v 22.716574 137.283432 13.762263
v 22.395231 137.604767 14.147413
v 22.091782 137.908218 14.546812
v 21.806854 138.193146 14.959629
v 21.566750 138.433258 15.341928
v 21.364227 138.635773 15.694165
v 21.174852 138.825150 16.053640
v 20.998882 139.001114 16.419865
v 20.836557 139.163437 16.792336
v 20.688099 139.311905 17.170549
v 20.553709 139.446289 17.553988
v 20.433571 139.566422 17.942127
v 20.327850 139.672150 18.334438
v 20.236689 139.763306 18.730387
v 20.167196 139.832809 19.089403
v 20.114887 139.885117 19.414335
v 20.072323 139.927673 19.740686
v 20.039539 139.960464 20.068165
v 20.016569 139.983429 20.396477
v 20.004143 139.995850 20.698124
v 20.000000 140.000000 21.000000
v 30.460255 160.000000 10.013250
v 29.921812 160.000000 10.052968
v 29.385965 160.000000 10.119059
v 28.854006 160.000000 10.211362
v 28.327217 160.000000 10.329657
v 27.806868 160.000000 10.473657
v 27.294212 160.000000 10.643015
v 26.790482 160.000000 10.837325
v 26.296894 160.000000 11.056118
v 25.814636 160.000000 11.298866
v 25.344870 160.000000 11.564985
v 24.888727 160.000000 11.853834
v 24.447308 160.000000 12.164717
v 24.021673 160.000000 12.496885
v 23.612852 160.000000 12.849538
v 23.221825 160.000000 13.221826
v 22.849537 160.000000 13.612851
v 22.496885 160.000000 14.021674
v 22.164717 160.000000 14.447308
v 21.853834 160.000000 14.888727
v 21.564985 160.000000 15.344870
v 21.298866 160.000000 15.814636
v 21.056118 160.000000 16.296894
v 20.837326 160.000000 16.790482
v 20.643015 160.000000 17.294212
v 20.473656 160.000000 17.806868
v 20.329657 160.000000 18.327217
v 20.211363 160.000000 18.854006
v 20.119059 160.000000 19.385965
v 20.052967 160.000000 19.921812
v 20.013250 160.000000 20.460255
v 20.000000 160.000000 21.000000
v 20.000000 160.000000 100.000000
v 169.539749 160.000000 10.013250
v 170.078186 160.000000 10.052968
v 170.614029 160.000000 10.119059
v 171.145996 160.000000 10.211362
v 171.672775 160.000000 10.329657
v 172.193130 160.000000 10.473657
v 172.705795 160.000000 10.643015
v 173.209518 160.000000 10.837325
v 173.703110 160.000000 11.056118
v 174.185364 160.000000 11.298866
v 174.655136 160.000000 11.564985
v 175.111267 160.000000 11.853834
v 175.552689 160.000000 12.164717
v 175.978333 160.000000 12.496885
v 176.387146 160.000000 12.849538
v 176.778168 160.000000 13.221826
v 177.150467 160.000000 13.612851
v 177.503113 160.000000 14.021674
v 177.835281 160.000000 14.447308
v 178.146164 160.000000 14.888727
v 178.435013 160.000000 15.344870
v 178.701141 160.000000 15.814636
v 178.943878 160.000000 16.296894
v 179.162674 160.000000 16.790482
v 179.356979 160.000000 17.294212
v 179.526337 160.000000 17.806868
v 179.670349 160.000000 18.327217
v 179.788635 160.000000 18.854006
v 179.880936 160.000000 19.385965
v 179.947037 160.000000 19.921812
v 179.986755 160.000000 20.460255
v 180.000000 160.000000 21.000000
v 180.000000 160.000000 100.000000
v 169.763962 129.763962 10.026562
v 170.524246 130.524246 10.106117
v 171.277161 131.277161 10.238283
v 171.945480 131.945480 10.401692
v 172.537201 132.537201 10.584231
v 173.117706 133.117706 10.799777
v 173.685150 133.685150 11.047647
v 174.237762 134.237762 11.327056
v 174.773773 134.773773 11.637118
v 175.291489 135.291489 11.976851
v 175.789261 135.789261 12.345179
v 176.218903 136.218903 12.700157
v 176.589767 136.589767 13.037882
v 176.944855 136.944855 13.392163
v 177.283432 137.283432 13.762263
v 177.604767 137.604767 14.147413
v 177.908218 137.908218 14.546812
v 178.193146 138.193146 14.959629
v 178.433258 138.433258 15.341928
v 178.635773 138.635773 15.694165
v 178.825150 138.825150 16.053640
v 179.001114 139.001114 16.419865
v 179.163437 139.163437 16.792336
v 179.311905 139.311905 17.170549
v 179.446289 139.446289 17.553988
v 179.566422 139.566422 17.942127
v 179.672150 139.672150 18.334438
v 179.763306 139.763306 18.730387
v 179.832809 139.832809 19.089403
v 179.885117 139.885117 19.414335
v 179.927673 139.927673 19.740686
v 179.960464 139.960464 20.068165
v 179.983429 139.983429 20.396477
v 179.995850 139.995850 20.698124
v 180.000000 140.000000 21.000000
v 180.000000 140.000000 100.000000
v 188.460587 148.571640 100.000000
v 188.533707 148.496674 100.000000
v 188.610458 148.425461 100.000000
v 188.391312 148.650146 100.000000
v 188.690674 148.358154 100.000000
v 188.326019 148.732010 100.000000
v 188.774139 148.294937 100.000000
v 188.264893 148.817032 100.000000
v 188.860657 148.235947 100.000000
v 188.208084 148.904984 100.000000
v 188.949997 148.181351 100.000000
v 188.155731 148.995667 100.000000
v 189.041962 148.131271 100.000000
v 188.107971 149.088837 100.000000
v 189.136292 148.085831 100.000000
v 188.064896 149.184280 100.000000
v 189.232788 148.045166 100.000000
v 188.026642 149.281754 100.000000
v 189.331177 148.009354 100.000000
v 187.993301 149.381012 100.000000
v 189.431229 147.978485 100.000000
v 187.964935 149.481812 100.000000
v 189.532700 147.952652 100.000000
v 187.941635 149.583893 100.000000
v 189.635345 147.931900 100.000000
v 187.923462 149.687012 100.000000
v 189.738876 147.916290 100.000000
v 187.910431 149.790909 100.000000
v 189.843063 147.905869 100.000000
v 187.902603 149.895325 100.000000
v 189.947647 147.900650 100.000000
v 187.899994 150.000000 100.000000
v 190.052353 147.900650 100.000000
v 190.261124 147.916290 100.000000
v 190.156937 147.905869 100.000000
v 190.364655 147.931900 100.000000
v 190.467300 147.952652 100.000000
v 190.568771 147.978485 100.000000
v 190.668823 148.009354 100.000000
v 190.767212 148.045166 100.000000
v 190.863708 148.085831 100.000000
v 190.958038 148.131271 100.000000
v 191.050003 148.181351 100.000000
v 191.139343 148.235947 100.000000
v 191.225861 148.294937 100.000000
v 191.309326 148.358154 100.000000
v 191.389542 148.425461 100.000000
v 191.466293 148.496674 100.000000
v 188.391312 151.349854 100.000000
v 188.460587 151.428360 100.000000
v 188.326019 151.267990 100.000000
v 188.264893 151.182968 100.000000
v 188.208084 151.095016 100.000000
v 188.155731 151.004333 100.000000
v 188.107971 150.911163 100.000000
v 188.064896 150.815720 100.000000
v 188.026642 150.718246 100.000000
v 187.993301 150.618988 100.000000
v 187.964935 150.518188 100.000000
v 187.941635 150.416107 100.000000
v 187.923462 150.312988 100.000000
v 187.910431 150.209091 100.000000
v 187.902603 150.104675 100.000000
v 188.533707 151.503326 100.000000
v 191.539413 148.571640 100.000000
v 188.610458 151.574539 100.000000
v 191.608688 148.650146 100.000000
v 188.690674 151.641846 100.000000
v 191.673981 148.732010 100.000000
v 188.774139 151.705063 100.000000
v 191.735107 148.817032 100.000000
v 188.860657 151.764053 100.000000
v 191.791916 148.904984 100.000000
v 188.949997 151.818649 100.000000
v 191.844269 148.995667 100.000000
v 189.041962 151.868729 100.000000
v 191.892029 149.088837 100.000000
v 189.136292 151.914169 100.000000
v 191.935104 149.184280 100.000000
v 189.232788 151.954834 100.000000
v 191.973358 149.281754 100.000000
v 189.331177 151.990646 100.000000
v 192.006699 149.381012 100.000000
v 189.431229 152.021515 100.000000
v 192.035065 149.481812 100.000000
v 189.532700 152.047348 100.000000
v 192.058365 149.583893 100.000000
v 189.635345 152.068100 100.000000
v 192.076538 149.687012 100.000000
v 189.738876 152.083710 100.000000
v 192.089569 149.790909 100.000000
v 189.843063 152.094131 100.000000
v 192.097397 149.895325 100.000000
v 189.947647 152.099350 100.000000
v 192.100006 150.000000 100.000000
v 192.097397 150.104675 100.000000
v 192.089569 150.209091 100.000000
v 192.076538 150.312988 100.000000
v 192.058365 150.416107 100.000000
v 192.035065 150.518188 100.000000
v 192.006699 150.618988 100.000000
v 191.973358 150.718246 100.000000
v 191.935104 150.815720 100.000000
v 191.892029 150.911163 100.000000
v 191.844269 151.004333 100.000000
v 191.791916 151.095016 100.000000
v 191.735107 151.182968 100.000000
v 191.673981 151.267990 100.000000
v 191.608688 151.349854 100.000000
v 191.539413 151.428360 100.000000
v 191.466293 151.503326 100.000000
v 191.389542 151.574539 100.000000
v 191.309326 151.641846 100.000000
v 191.225861 151.705063 100.000000
v 191.139343 151.764053 100.000000
v 191.050003 151.818649 100.000000
v 190.958038 151.868729 100.000000
v 190.863708 151.914169 100.000000
v 190.767212 151.954834 100.000000
v 190.668823 151.990646 100.000000
v 190.568771 152.021515 100.000000
v 190.467300 152.047348 100.000000
v 190.364655 152.068100 100.000000
v 190.261124 152.083710 100.000000
v 190.156937 152.094131 100.000000
v 190.052353 152.099350 100.000000
v 20.000000 140.000000 100.000000
v 8.460591 148.571640 100.000000
v 8.533703 148.496674 100.000000
v 8.610459 148.425461 100.000000
v 8.391307 148.650146 100.000000
v 8.690671 148.358154 100.000000
v 8.326022 148.732010 100.000000
v 8.774138 148.294937 100.000000
v 8.264898 148.817032 100.000000
v 8.860653 148.235947 100.000000
v 8.208089 148.904984 100.000000
v 8.950000 148.181351 100.000000
v 8.155735 148.995667 100.000000
v 9.041958 148.131271 100.000000
v 8.107965 149.088837 100.000000
v 9.136297 148.085831 100.000000
v 8.064900 149.184280 100.000000
v 9.232784 148.045166 100.000000
v 8.026646 149.281754 100.000000
v 9.331178 148.009354 100.000000
v 7.993297 149.381012 100.000000
v 9.431235 147.978485 100.000000
v 7.964938 149.481812 100.000000
v 9.532706 147.952652 100.000000
v 7.941638 149.583893 100.000000
v 9.635339 147.931900 100.000000
v 7.923455 149.687012 100.000000
v 9.738878 147.916290 100.000000
v 7.910435 149.790909 100.000000
v 9.843067 147.905869 100.000000
v 7.902610 149.895325 100.000000
v 9.947645 147.900650 100.000000
v 7.900000 150.000000 100.000000
v 8.391307 151.349854 100.000000
v 8.460591 151.428360 100.000000
v 8.326022 151.267990 100.000000
v 8.264898 151.182968 100.000000
v 8.208089 151.095016 100.000000
v 8.155735 151.004333 100.000000
v 8.107965 150.911163 100.000000
v 8.064900 150.815720 100.000000
v 8.026646 150.718246 100.000000
v 7.993297 150.618988 100.000000
v 7.964938 150.518188 100.000000
v 7.941638 150.416107 100.000000
v 7.923455 150.312988 100.000000
v 7.910435 150.209091 100.000000
v 7.902610 150.104675 100.000000
v 10.261122 147.916290 100.000000
v 10.156933 147.905869 100.000000
v 10.364661 147.931900 100.000000
v 10.467294 147.952652 100.000000
v 10.568765 147.978485 100.000000
v 10.668822 148.009354 100.000000
v 10.767216 148.045166 100.000000
v 10.863703 148.085831 100.000000
v 10.958042 148.131271 100.000000
v 11.050000 148.181351 100.000000
v 11.139347 148.235947 100.000000
v 11.225862 148.294937 100.000000
v 11.309329 148.358154 100.000000
v 11.389541 148.425461 100.000000
v 11.466297 148.496674 100.000000
v 10.052355 147.900650 100.000000
v 8.533703 151.503326 100.000000
v 11.539409 148.571640 100.000000
v 8.610459 151.574539 100.000000
v 11.608693 148.650146 100.000000
v 8.690671 151.641846 100.000000
v 11.673978 148.732010 100.000000
v 8.774138 151.705063 100.000000
v 11.735102 148.817032 100.000000
v 8.860653 151.764053 100.000000
v 11.791911 148.904984 100.000000
v 8.950000 151.818649 100.000000
v 11.844265 148.995667 100.000000
v 9.041958 151.868729 100.000000
v 11.892035 149.088837 100.000000
v 9.136297 151.914169 100.000000
v 11.935100 149.184280 100.000000
v 9.232784 151.954834 100.000000
v 11.973354 149.281754 100.000000
v 9.331178 151.990646 100.000000
v 12.006702 149.381012 100.000000
v 9.431235 152.021515 100.000000
v 12.035062 149.481812 100.000000
v 9.532706 152.047348 100.000000
v 12.058362 149.583893 100.000000
v 9.635339 152.068100 100.000000
v 12.076545 149.687012 100.000000
v 9.738878 152.083710 100.000000
v 12.089564 149.790909 100.000000
v 9.843067 152.094131 100.000000
v 12.097389 149.895325 100.000000
v 9.947645 152.099350 100.000000
v 12.100000 150.000000 100.000000
v 10.052355 152.099350 100.000000
v 12.097389 150.104675 100.000000
v 12.089564 150.209091 100.000000
v 12.076545 150.312988 100.000000
v 12.058362 150.416107 100.000000
v 12.035062 150.518188 100.000000
v 12.006702 150.618988 100.000000
v 11.973354 150.718246 100.000000
v 11.935100 150.815720 100.000000
v 11.892035 150.911163 100.000000
v 11.844265 151.004333 100.000000
v 11.791911 151.095016 100.000000
v 11.735102 151.182968 100.000000
v 11.673978 151.267990 100.000000
v 11.608693 151.349854 100.000000
v 11.539409 151.428360 100.000000
v 11.466297 151.503326 100.000000
v 11.389541 151.574539 100.000000
v 11.309329 151.641846 100.000000
v 11.225862 151.705063 100.000000
v 11.139347 151.764053 100.000000
v 11.050000 151.818649 100.000000
v 10.958042 151.868729 100.000000
v 10.863703 151.914169 100.000000
v 10.767216 151.954834 100.000000
v 10.668822 151.990646 100.000000
v 10.568765 152.021515 100.000000
v 10.467294 152.047348 100.000000
v 10.364661 152.068100 100.000000
v 10.261122 152.083710 100.000000
v 10.156933 152.094131 100.000000
v 12.097389 10.104676 10.000000
v 12.100000 10.000000 10.000000
v 12.089564 10.209092 10.000000
v 12.076545 10.312989 10.000000
v 12.058362 10.416107 10.000000
v 12.035062 10.518190 10.000000
v 12.006702 10.618986 10.000000
v 11.973354 10.718243 10.000000
v 11.935100 10.815713 10.000000
v 11.892035 10.911156 10.000000
v 11.844265 11.004333 10.000000
v 11.791911 11.095014 10.000000
v 11.735102 11.182972 10.000000
v 11.673978 11.267989 10.000000
v 11.608693 11.349854 10.000000
v 11.539409 11.428363 10.000000
v 11.466297 11.503321 10.000000
v 11.389541 11.574540 10.000000
v 11.309329 11.641846 10.000000
v 11.225862 11.705070 10.000000
v 11.139347 11.764054 10.000000
v 11.050000 11.818653 10.000000
v 10.958042 11.868731 10.000000
v 10.863703 11.914163 10.000000
v 10.767216 11.954835 10.000000
v 10.668822 11.990647 10.000000
v 10.568765 12.021511 10.000000
v 10.467294 12.047349 10.000000
v 10.364661 12.068096 10.000000
v 10.261122 12.083702 10.000000
v 10.156933 12.094128 10.000000
v 10.052355 12.099347 10.000000
v 9.947645 12.099347 10.000000
v 9.843067 12.094128 10.000000
v 9.738878 12.083702 10.000000
v 9.635339 12.068096 10.000000
v 9.532706 12.047349 10.000000
v 9.431235 12.021511 10.000000
v 9.331178 11.990647 10.000000
v 9.232784 11.954835 10.000000
v 9.136297 11.914163 10.000000
v 9.041958 11.868731 10.000000
v 8.950000 11.818653 10.000000
v 8.860653 11.764054 10.000000
v 8.774138 11.705070 10.000000
v 8.690671 11.641846 10.000000
v 8.610459 11.574540 10.000000
v 8.533703 11.503321 10.000000
v 8.460591 11.428363 10.000000
v 8.391307 11.349854 10.000000
v 8.326022 11.267989 10.000000
v 8.264898 11.182972 10.000000
v 8.208089 11.095014 10.000000
v 8.155735 11.004333 10.000000
v 8.107965 10.911156 10.000000
v 8.064900 10.815713 10.000000
v 8.026646 10.718243 10.000000
v 7.993297 10.618986 10.000000
v 7.964938 10.518190 10.000000
v 7.941638 10.416107 10.000000
v 7.923455 10.312989 10.000000
v 7.910435 10.209092 10.000000
v 7.902610 10.104676 10.000000
v 7.900000 10.000000 10.000000
v 7.902610 9.895324 10.000000
v 7.910435 9.790908 10.000000
v 7.923455 9.687011 10.000000
v 7.941638 9.583893 10.000000
v 7.964938 9.481810 10.000000
v 7.993297 9.381014 10.000000
v 8.026646 9.281757 10.000000
v 8.064900 9.184287 10.000000
v 8.107965 9.088844 10.000000
v 8.155735 8.995667 10.000000
v 8.208089 8.904986 10.000000
v 8.264898 8.817028 10.000000
v 8.326022 8.732011 10.000000
v 8.391307 8.650146 10.000000
v 8.460591 8.571637 10.000000
v 8.533703 8.496679 10.000000
v 8.610459 8.425460 10.000000
v 8.690671 8.358154 10.000000
v 8.774138 8.294930 10.000000
v 8.860653 8.235946 10.000000
v 8.950000 8.181347 10.000000
v 9.041958 8.131269 10.000000
v 9.136297 8.085837 10.000000
v 9.232784 8.045165 10.000000
v 9.331178 8.009353 10.000000
v 9.431235 7.978489 10.000000
v 9.532706 7.952652 10.000000
v 9.635339 7.931904 10.000000
v 9.738878 7.916297 10.000000
v 9.843067 7.905872 10.000000
v 9.947645 7.900653 10.000000
v 10.052355 7.900653 10.000000
v 10.156933 7.905872 10.000000
v 10.261122 7.916297 10.000000
v 10.364661 7.931904 10.000000
v 10.467294 7.952652 10.000000
v 10.568765 7.978489 10.000000
v 10.668822 8.009353 10.000000
v 10.767216 8.045165 10.000000
v 10.863703 8.085837 10.000000
v 10.958042 8.131269 10.000000
v 11.050000 8.181347 10.000000
v 11.139347 8.235946 10.000000
v 11.225862 8.294930 10.000000
v 11.309329 8.358154 10.000000
v 11.389541 8.425460 10.000000
v 11.466297 8.496679 10.000000
v 11.539409 8.571637 10.000000
v 11.608693 8.650146 10.000000
v 11.673978 8.732011 10.000000
v 11.735102 8.817028 10.000000
v 11.791911 8.904986 10.000000
v 11.844265 8.995667 10.000000
v 11.892035 9.088844 10.000000
v 11.935100 9.184287 10.000000
v 11.973354 9.281757 10.000000
v 12.006702 9.381014 10.000000
v 12.035062 9.481810 10.000000
v 12.058362 9.583893 10.000000
v 12.076545 9.687011 10.000000
v 12.089564 9.790908 10.000000
v 12.097389 9.895324 10.000000
v 192.097397 150.104675 10.000000
v 192.100006 150.000000 10.000000
v 192.089569 150.209091 10.000000
v 192.076538 150.312988 10.000000
v 192.058365 150.416107 10.000000
v 192.035065 150.518188 10.000000
v 192.006699 150.618988 10.000000
v 191.973358 150.718246 10.000000
v 191.935104 150.815720 10.000000
v 191.892029 150.911163 10.000000
v 191.844269 151.004333 10.000000
v 191.791916 151.095016 10.000000
v 191.735107 151.182968 10.000000
v 191.673981 151.267990 10.000000
v 191.608688 151.349854 10.000000
v 191.539413 151.428360 10.000000
v 191.466293 151.503326 10.000000
v 191.389542 151.574539 10.000000
v 191.309326 151.641846 10.000000
v 191.225861 151.705063 10.000000
v 191.139343 151.764053 10.000000
v 191.050003 151.818649 10.000000
v 190.958038 151.868729 10.000000
v 190.863708 151.914169 10.000000
v 190.767212 151.954834 10.000000
v 190.668823 151.990646 10.000000
v 190.568771 152.021515 10.000000
v 190.467300 152.047348 10.000000
v 190.364655 152.068100 10.000000
v 190.261124 152.083710 10.000000
v 190.156937 152.094131 10.000000
v 190.052353 152.099350 10.000000
v 189.947647 152.099350 10.000000
v 189.843063 152.094131 10.000000
v 189.738876 152.083710 10.000000
v 189.635345 152.068100 10.000000
v 189.532700 152.047348 10.000000
v 189.431229 152.021515 10.000000
v 189.331177 151.990646 10.000000
v 189.232788 151.954834 10.000000
v 189.136292 151.914169 10.000000
v 189.041962 151.868729 10.000000
v 188.949997 151.818649 10.000000
v 188.860657 151.764053 10.000000
v 188.774139 151.705063 10.000000
v 188.690674 151.641846 10.000000
v 188.610458 151.574539 10.000000
v 188.533707 151.503326 10.000000
v 188.460587 151.428360 10.000000
v 188.391312 151.349854 10.000000
v 188.326019 151.267990 10.000000
v 188.264893 151.182968 10.000000
v 188.208084 151.095016 10.000000
v 188.155731 151.004333 10.000000
v 188.107971 150.911163 10.000000
v 188.064896 150.815720 10.000000
v 188.026642 150.718246 10.000000
v 187.993301 150.618988 10.000000
v 187.964935 150.518188 10.000000
v 187.941635 150.416107 10.000000
v 187.923462 150.312988 10.000000
v 187.910431 150.209091 10.000000
v 187.902603 150.104675 10.000000
v 187.899994 150.000000 10.000000
v 187.902603 149.895325 10.000000
v 187.910431 149.790909 10.000000
v 187.923462 149.687012 10.000000
v 187.941635 149.583893 10.000000
v 187.964935 149.481812 10.000000
v 187.993301 149.381012 10.000000
v 188.026642 149.281754 10.000000
v 188.064896 149.184280 10.000000
v 188.107971 149.088837 10.000000
v 188.155731 148.995667 10.000000
v 188.208084 148.904984 10.000000
v 188.264893 148.817032 10.000000
v 188.326019 148.732010 10.000000
v 188.391312 148.650146 10.000000
v 188.460587 148.571640 10.000000
v 188.533707 148.496674 10.000000
v 188.610458 148.425461 10.000000
v 188.690674 148.358154 10.000000
v 188.774139 148.294937 10.000000
v 188.860657 148.235947 10.000000
v 188.949997 148.181351 10.000000
v 189.041962 148.131271 10.000000
v 189.136292 148.085831 10.000000
v 189.232788 148.045166 10.000000
v 189.331177 148.009354 10.000000
v 189.431229 147.978485 10.000000
v 189.532700 147.952652 10.000000
v 189.635345 147.931900 10.000000
v 189.738876 147.916290 10.000000
v 189.843063 147.905869 10.000000
v 189.947647 147.900650 10.000000
v 190.052353 147.900650 10.000000
v 190.156937 147.905869 10.000000
v 190.261124 147.916290 10.000000
v 190.364655 147.931900 10.000000
v 190.467300 147.952652 10.000000
v 190.568771 147.978485 10.000000
v 190.668823 148.009354 10.000000
v 190.767212 148.045166 10.000000
v 190.863708 148.085831 10.000000
v 190.958038 148.131271 10.000000
v 191.050003 148.181351 10.000000
v 191.139343 148.235947 10.000000
v 191.225861 148.294937 10.000000
v 191.309326 148.358154 10.000000
v 191.389542 148.425461 10.000000
v 191.466293 148.496674 10.000000
v 191.539413 148.571640 10.000000
v 191.608688 148.650146 10.000000
v 191.673981 148.732010 10.000000
v 191.735107 148.817032 10.000000
v 191.791916 148.904984 10.000000
v 191.844269 148.995667 10.000000
v 191.892029 149.088837 10.000000
v 191.935104 149.184280 10.000000
v 191.973358 149.281754 10.000000
v 192.006699 149.381012 10.000000
v 192.035065 149.481812 10.000000
v 192.058365 149.583893 10.000000
v 192.076538 149.687012 10.000000
v 192.089569 149.790909 10.000000
v 192.097397 149.895325 10.000000
v 12.097389 150.104675 10.000000
v 12.100000 150.000000 10.000000
v 12.089564 150.209091 10.000000
v 12.076545 150.312988 10.000000
v 12.058362 150.416107 10.000000
v 12.035062 150.518188 10.000000
v 12.006702 150.618988 10.000000
v 11.973354 150.718246 10.000000
v 11.935100 150.815720 10.000000
v 11.892035 150.911163 10.000000
v 11.844265 151.004333 10.000000
v 11.791911 151.095016 10.000000
v 11.735102 151.182968 10.000000
v 11.673978 151.267990 10.000000
v 11.608693 151.349854 10.000000
v 11.539409 151.428360 10.000000
v 11.466297 151.503326 10.000000
v 11.389541 151.574539 10.000000
v 11.309329 151.641846 10.000000
v 11.225862 151.705063 10.000000
v 11.139347 151.764053 10.000000
v 11.050000 151.818649 10.000000
v 10.958042 151.868729 10.000000
v 10.863703 151.914169 10.000000
v 10.767216 151.954834 10.000000
v 10.668822 151.990646 10.000000
v 10.568765 152.021515 10.000000
v 10.467294 152.047348 10.000000
v 10.364661 152.068100 10.000000
v 10.261122 152.083710 10.000000
v 10.156933 152.094131 10.000000
v 10.052355 152.099350 10.000000
v 9.947645 152.099350 10.000000
v 9.843067 152.094131 10.000000
v 9.738878 152.083710 10.000000
v 9.635339 152.068100 10.000000
v 9.532706 152.047348 10.000000
v 9.431235 152.021515 10.000000
v 9.331178 151.990646 10.000000
v 9.232784 151.954834 10.000000
v 9.136297 151.914169 10.000000
v 9.041958 151.868729 10.000000
v 8.950000 151.818649 10.000000
v 8.860653 151.764053 10.000000
v 8.774138 151.705063 10.000000
v 8.690671 151.641846 10.000000
v 8.610459 151.574539 10.000000
v 8.533703 151.503326 10.000000
v 8.460591 151.428360 10.000000
v 8.391307 151.349854 10.000000
v 8.326022 151.267990 10.000000
v 8.264898 151.182968 10.000000
v 8.208089 151.095016 10.000000
v 8.155735 151.004333 10.000000
v 8.107965 150.911163 10.000000
v 8.064900 150.815720 10.000000
v 8.026646 150.718246 10.000000
v 7.993297 150.618988 10.000000
v 7.964938 150.518188 10.000000
v 7.941638 150.416107 10.000000
v 7.923455 150.312988 10.000000
v 7.910435 150.209091 10.000000
v 7.902610 150.104675 10.000000
v 7.900000 150.000000 10.000000
v 7.902610 149.895325 10.000000
v 7.910435 149.790909 10.000000
v 7.923455 149.687012 10.000000
v 7.941638 149.583893 10.000000
v 7.964938 149.481812 10.000000
v 7.993297 149.381012 10.000000
v 8.026646 149.281754 10.000000
v 8.064900 149.184280 10.000000
v 8.107965 149.088837 10.000000
v 8.155735 148.995667 10.000000
v 8.208089 148.904984 10.000000
v 8.264898 148.817032 10.000000
v 8.326022 148.732010 10.000000
v 8.391307 148.650146 10.000000
v 8.460591 148.571640 10.000000
v 8.533703 148.496674 10.000000
v 8.610459 148.425461 10.000000
v 8.690671 148.358154 10.000000
v 8.774138 148.294937 10.000000
v 8.860653 148.235947 10.000000
v 8.950000 148.181351 10.000000
v 9.041958 148.131271 10.000000
v 9.136297 148.085831 10.000000
v 9.232784 148.045166 10.000000
v 9.331178 148.009354 10.000000
v 9.431235 147.978485 10.000000
v 9.532706 147.952652 10.000000
v 9.635339 147.931900 10.000000
v 9.738878 147.916290 10.000000
v 9.843067 147.905869 10.000000
v 9.947645 147.900650 10.000000
v 10.052355 147.900650 10.000000
v 10.156933 147.905869 10.000000
v 10.261122 147.916290 10.000000
v 10.364661 147.931900 10.000000
v 10.467294 147.952652 10.000000
v 10.568765 147.978485 10.000000
v 10.668822 148.009354 10.000000
v 10.767216 148.045166 10.000000
v 10.863703 148.085831 10.000000
v 10.958042 148.131271 10.000000
v 11.050000 148.181351 10.000000
v 11.139347 148.235947 10.000000
v 11.225862 148.294937 10.000000
v 11.309329 148.358154 10.000000
v 11.389541 148.425461 10.000000
v 11.466297 148.496674 10.000000
v 11.539409 148.571640 10.000000
v 11.608693 148.650146 10.000000
v 11.673978 148.732010 10.000000
v 11.735102 148.817032 10.000000
v 11.791911 148.904984 10.000000
v 11.844265 148.995667 10.000000
v 11.892035 149.088837 10.000000
v 11.935100 149.184280 10.000000
v 11.973354 149.281754 10.000000
v 12.006702 149.381012 10.000000
v 12.035062 149.481812 10.000000
v 12.058362 149.583893 10.000000
v 12.076545 149.687012 10.000000
v 12.089564 149.790909 10.000000
v 12.097389 149.895325 10.000000
vn 0.000000 -1.000000 0.000000
vn 0.000000 -1.000000 0.000000
vn 0.000000 -1.000000 0.000000
vn -0.000000 -1.000000 0.000000
vn -0.000000 -1.000000 0.000000
vn -0.000000 -1.000000 0.000000
vn -0.000000 -1.000000 0.000000
vn -0.000000 -1.000000 0.000000
vn -0.000000 -1.000000 0.000000
vn -0.000000 -1.000000 0.000000
vn -0.000000 -1.000000 0.000000
vn -0.000000 -1.000000 0.000000
vn -0.000000 -1.000000 0.000000
vn -0.000000 -1.000000 0.000000
vn -0.000000 -1.000000 0.000000
vn -0.000000 -1.000000 0.000000
vn -0.000000 -1.000000 0.000000
vn -0.000000 -1.000000 0.000000
vn -0.000000 -1.000000 0.000000
vn -0.000000 -1.000000 0.000000
vn -0.000000 -1.000000 0.000000
vn -0.000000 -1.000000 0.000000
vn -0.000000 -1.000000 0.000000
vn -0.000000 -1.000000 0.000000
vn -0.000000 -1.000000 0.000000
vn -0.000000 -1.000000 0.000000
vn -0.000000 -1.000000 0.000000
vn -0.000000 -1.000000 0.000000
vn -0.000000 -1.000000 0.000000
vn -0.000000 -1.000000 0.000000
vn -0.000000 -1.000000 0.000000
vn -0.000000 -1.000000 0.000000
vn -0.000000 -1.000000 0.000000
vn -0.000000 -1.000000 0.000000
vn 0.000000 -1.000000 0.000000
vn 0.000000 -1.000000 0.000000
vn 0.000000 -1.000000 0.000000
vn 0.000000 -1.000000 0.000000
vn 0.000000 -1.000000 0.000000
vn 0.000000 -1.000000 0.000000
vn 0.000000 -1.000000 0.000000
vn 0.000000 -1.000000 0.000000
vn 0.000000 -1.000000 0.000000
vn 0.000000 -1.000000 0.000000
vn 0.000000 -1.000000 0.000000
vn 0.000000 -1.000000 0.000000
vn 0.000000 -1.000000 0.000000
vn 0.000000 -1.000000 0.000000
vn 0.000000 -1.000000 0.000000
vn 0.000000 -1.000000 0.000000
vn 0.000000 -1.000000 0.000000
vn 0.000000 -1.000000 0.000000
vn 0.000000 -1.000000 0.000000
vn 0.000000 -1.000000 0.000000
vn 0.000000 -1.000000 0.000000
vn 0.000000 -1.000000 0.000000
vn 0.000000 -1.000000 0.000000
vn 0.000000 -1.000000 0.000000
vn 0.000000 -1.000000 0.000000
vn 0.000000 -1.000000 0.000000
vn 0.000000 -1.000000 0.000000
vn 0.000000 -1.000000 0.000000
vn 0.000000 -1.000000 0.000000
vn 0.000000 -1.000000 0.000000
vn 0.000000 -1.000000 0.000000
vn 0.000000 -1.000000 0.000000
vn 0.000000 -1.000000 0.000000
vn 0.000000 -1.000000 0.000000
vn 0.000000 -1.000000 0.000000
vn 0.000000 -1.000000 0.000000
vn -1.000000 0.000000 0.000000
vn -1.000000 -0.000000 0.000000
vn -0.034928 -0.000181 0.999390
vn -0.024542 0.000000 0.999699
vn -0.104284 -0.000215 0.994548
vn -0.073565 0.000106 0.997290
vn -0.122412 0.000063 0.992479
vn -0.173025 -0.000133 0.984917
vn -0.170959 -0.000088 0.985278
vn -0.237684 -0.000184 0.971343
vn -0.219106 0.000086 0.975701
vn -0.294920 -0.000152 0.955522
vn -0.266710 0.000118 0.963777
vn -0.348201 -0.000131 0.937420
vn -0.313676 0.000107 0.949530
vn -0.359899 0.000074 0.932991
vn -0.400369 -0.000087 0.916354
vn -0.405240 0.000018 0.914210
vn -0.451264 -0.000059 0.892391
vn -0.449614 -0.000019 0.893223
vn -0.500812 -0.000120 0.865556
vn -0.492893 0.000050 0.870090
vn -0.548748 -0.000160 0.835988
vn -0.535007 0.000100 0.844848
vn -0.594933 -0.000178 0.803776
vn -0.575806 0.000129 0.817586
vn -0.637028 -0.000145 0.770840
vn -0.615223 0.000135 0.788353
vn -0.673365 -0.000120 0.739310
vn -0.653181 0.000135 0.757202
vn -0.706365 -0.000123 0.707848
vn -0.689544 0.000141 0.724243
vn -0.737885 -0.000120 0.674927
vn -0.724236 0.000142 0.689552
vn -0.767898 -0.000111 0.640573
vn -0.757215 0.000136 0.653165
vn -0.796285 -0.000096 0.604921
vn -0.788346 0.000124 0.615233
vn -0.823026 -0.000074 0.568004
vn -0.817585 0.000106 0.575808
vn -0.846825 0.000004 0.531871
vn -0.866930 -0.000003 0.498430
vn -0.844854 0.000081 0.534997
vn -0.884753 -0.000079 0.466060
vn -0.870080 0.000117 0.492911
vn -0.901368 -0.000079 0.433054
vn -0.893233 0.000156 0.449595
vn -0.916729 -0.000002 0.399510
vn -0.930848 0.000002 0.365406
vn -0.914207 0.000119 0.405247
vn -0.943728 -0.000079 0.330722
vn -0.932996 0.000118 0.359887
vn -0.955297 -0.000083 0.295647
vn -0.949529 0.000161 0.313680
vn -0.965551 -0.000007 0.260215
vn -0.974508 0.000007 0.224355
vn -0.963770 0.000125 0.266734
vn -0.981774 -0.000068 0.190053
vn -0.975705 0.000117 0.219087
vn -0.987290 -0.000019 0.158930
vn -0.991604 0.000024 0.129310
vn -0.985279 0.000163 0.170956
vn -0.995025 -0.000061 0.099628
vn -0.992477 0.000147 0.122430
vn -0.997562 0.000057 0.069781
vn -0.999153 -0.000035 0.041140
vn -0.997290 0.000131 0.073566
vn -0.999699 0.000163 0.024531
vn -0.999906 0.000000 0.013747
vn 0.000000 0.000000 1.000000
vn 0.000000 0.000000 1.000000
vn 0.000000 0.000000 1.000000
vn 0.000000 0.000000 1.000000
vn 0.000000 0.000000 1.000000
vn 0.000000 0.000000 1.000000
vn 0.000000 0.000000 1.000000
vn 0.000000 0.000000 1.000000
vn 0.000000 0.000000 1.000000
vn 0.000000 0.000000 1.000000
vn 0.000000 0.000000 1.000000
vn 0.000000 0.000000 1.000000
vn 0.000000 0.000000 1.000000
vn 0.000000 0.000000 1.000000
vn 0.000000 0.000000 1.000000
vn 0.000000 0.000000 1.000000
vn 0.000000 0.000000 1.000000
vn 0.000000 0.000000 1.000000
vn 0.000000 0.000000 1.000000
vn 0.000000 0.000000 1.000000
vn 0.000000 0.000000 1.000000
vn 0.000000 0.000000 1.000000
vn 0.000000 0.000000 1.000000
vn 0.000000 0.000000 1.000000
vn 0.000000 0.000000 1.000000
vn 0.000000 0.000000 1.000000
vn 0.000000 0.000000 1.000000
vn 0.000000 0.000000 1.000000
vn 0.000000 0.000000 1.000000
vn 0.000000 0.000000 1.000000
vn 0.000000 0.000000 1.000000
vn 0.000000 0.000000 1.000000
vn 0.000000 0.000000 1.000000
vn 0.000000 0.000000 1.000000
vn 0.000000 0.000000 1.000000
vn 0.000000 0.000000 1.000000
vn 0.000000 0.000000 1.000000
vn 0.000000 0.000000 1.000000
vn 0.000000 0.000000 1.000000
vn 0.000000 0.000000 1.000000
vn 0.000000 0.000000 1.000000
vn 0.000000 0.000000 1.000000
vn 0.000000 0.000000 1.000000
vn 0.000000 0.000000 1.000000
vn 0.000000 0.000000 1.000000
vn 0.000000 0.000000 1.000000
vn 0.000000 0.000000 1.000000
vn 0.000000 0.000000 1.000000
vn 0.000000 0.000000 1.000000
vn 0.000000 0.000000 1.000000
vn 0.000000 0.000000 1.000000
vn 0.000000 0.000000 1.000000
vn 0.000000 0.000000 1.000000
vn 0.000000 0.000000 1.000000
vn 0.000000 0.000000 1.000000
vn 0.000000 0.000000 1.000000
vn 0.000000 0.000000 1.000000
vn 0.000000 0.000000 1.000000
vn 0.000000 0.000000 1.000000
vn 0.000000 0.000000 1.000000
vn 0.000000 0.000000 1.000000
vn 0.000000 0.000000 1.000000
vn 0.000000 0.000000 1.000000
vn 0.000000 0.000000 1.000000
vn 0.000000 0.000000 1.000000
vn 0.000000 0.000000 1.000000
vn 0.000000 0.000000 1.000000
vn 0.000000 0.000000 1.000000
vn 0.000000 0.000000 1.000000
vn 0.000000 0.000000 1.000000
vn 0.000000 0.000000 1.000000
vn 0.000000 0.000000 1.000000
vn 0.000000 0.000000 1.000000
vn 0.000000 0.000000 1.000000
vn 0.000000 0.000000 1.000000
vn 0.000000 0.000000 1.000000
vn 0.000000 0.000000 1.000000
vn 0.000000 0.000000 1.000000
vn 0.000000 0.000000 1.000000
vn 0.000000 0.000000 1.000000
vn 0.000000 0.000000 1.000000
vn 0.000000 0.000000 1.000000
vn 0.000000 0.000000 1.000000
vn 0.000000 0.000000 1.000000
vn 0.000000 0.000000 1.000000
vn 0.000000 0.000000 1.000000
vn 0.000000 0.000000 1.000000
vn 0.000000 0.000000 1.000000
vn 0.000000 0.000000 1.000000
vn 0.000000 0.000000 1.000000
vn 0.000000 0.000000 1.000000
vn 0.000000 0.000000 1.000000
vn 0.000000 0.000000 1.000000
vn 0.000000 0.000000 1.000000
vn 0.000000 0.000000 1.000000
vn 0.000000 0.000000 1.000000
vn 0.000000 0.000000 1.000000
vn 0.000000 0.000000 1.000000
vn 0.000000 0.000000 1.000000
vn 0.000000 0.000000 1.000000
vn 0.000000 0.000000 1.000000
vn 0.000000 0.000000 1.000000
vn 0.000000 0.000000 1.000000
vn 0.000000 0.000000 1.000000
vn 0.000000 0.000000 1.000000
vn 0.000000 0.000000 1.000000
vn 0.000000 0.000000 1.000000
vn 0.000000 0.000000 1.000000
vn 0.000000 0.000000 1.000000
vn 0.000000 0.000000 1.000000
vn 0.000000 0.000000 1.000000
vn 0.000000 0.000000 1.000000
vn 0.000000 0.000000 1.000000
vn 0.000000 0.000000 1.000000
vn 0.000000 0.000000 1.000000
vn 0.000000 0.000000 1.000000
vn 0.000000 0.000000 1.000000
vn 0.000000 0.000000 1.000000
vn 0.000000 0.000000 1.000000
vn 0.000000 0.000000 1.000000
vn 0.000000 0.000000 1.000000
vn 0.000000 0.000000 1.000000
vn 0.000000 0.000000 1.000000
vn 0.000000 0.000000 1.000000
vn 0.000000 0.000000 1.000000
vn 0.000000 0.000000 1.000000
vn 0.000000 0.000000 1.000000
vn 0.000000 0.000000 1.000000
vn 0.000000 0.000000 1.000000
vn 0.000000 0.000000 1.000000
vn 0.000000 0.000000 1.000000
vn 0.000000 0.000000 1.000000
vn 0.000000 0.000000 1.000000
vn 0.000000 0.000000 1.000000
vn 0.000000 0.000000 1.000000
vn 0.000000 0.000000 1.000000
vn 0.000000 0.000000 1.000000
vn 0.000000 0.000000 1.000000
vn 0.000000 0.000000 1.000000
vn 0.000000 0.000000 1.000000
vn 1.000000 0.000000 0.000000
vn 1.000000 -0.000000 0.000000
vn 1.000000 -0.000000 0.000000
vn 1.000000 0.000000 0.000000
vn 1.000000 0.000000 0.000000
vn 1.000000 -0.000000 0.000000
vn 1.000000 0.000000 0.000000
vn 1.000000 -0.000000 0.000000
vn 1.000000 0.000000 0.000000
vn 1.000000 -0.000000 0.000000
vn 1.000000 0.000000 0.000000
vn 1.000000 -0.000000 0.000000
vn 1.000000 0.000000 0.000000
vn 1.000000 -0.000000 0.000000
vn 1.000000 0.000000 0.000000
vn 1.000000 -0.000000 0.000000
vn 1.000000 0.000000 0.000000
vn 1.000000 -0.000000 0.000000
vn 1.000000 0.000000 0.000000
vn 1.000000 -0.000000 0.000000
vn 1.000000 0.000000 0.000000
vn 1.000000 -0.000000 0.000000
vn 1.000000 0.000000 0.000000
vn 1.000000 -0.000000 0.000000
vn 1.000000 0.000000 0.000000
vn 1.000000 -0.000000 0.000000
vn 1.000000 0.000000 0.000000
vn 1.000000 -0.000000 0.000000
vn 1.000000 0.000000 0.000000
vn 1.000000 -0.000000 0.000000
vn 1.000000 0.000000 0.000000
vn 1.000000 -0.000000 0.000000
vn 1.000000 0.000000 0.000000
vn 1.000000 -0.000000 0.000000
vn 1.000000 0.000000 0.000000
vn 1.000000 0.000000 0.000000
vn 1.000000 0.000000 0.000000
vn 1.000000 0.000000 0.000000
vn 1.000000 0.000000 0.000000
vn 1.000000 0.000000 0.000000
vn 1.000000 0.000000 0.000000
vn 1.000000 0.000000 0.000000
vn 1.000000 0.000000 0.000000
vn 1.000000 0.000000 0.000000
vn 1.000000 0.000000 0.000000
vn 1.000000 0.000000 0.000000
vn 1.000000 0.000000 0.000000
vn 1.000000 0.000000 0.000000
vn 1.000000 0.000000 0.000000
vn 1.000000 0.000000 0.000000
vn 1.000000 0.000000 0.000000
vn 1.000000 0.000000 0.000000
vn 1.000000 0.000000 0.000000
vn 1.000000 0.000000 0.000000
vn 1.000000 0.000000 0.000000
vn 1.000000 0.000000 0.000000
vn 1.000000 0.000000 0.000000
vn 1.000000 0.000000 0.000000
vn 1.000000 0.000000 0.000000
vn 1.000000 0.000000 0.000000
vn 1.000000 0.000000 0.000000
vn 1.000000 0.000000 0.000000
vn 1.000000 0.000000 0.000000
vn 1.000000 0.000000 0.000000
vn 1.000000 0.000000 0.000000
vn 1.000000 0.000000 0.000000
vn 1.000000 0.000000 0.000000
vn 1.000000 -0.000000 0.000000
vn 1.000000 0.000000 0.000000
vn 1.000000 0.000000 0.000000
vn 0.024542 -0.000000 0.999699
vn 0.073564 0.000106 0.997290
vn 0.034928 -0.000181 0.999390
vn 0.122411 0.000063 0.992479
vn 0.170961 -0.000088 0.985278
vn 0.104285 -0.000215 0.994547
vn 0.219102 0.000086 0.975702
vn 0.173024 -0.000133 0.984918
vn 0.266713 0.000118 0.963776
vn 0.237683 -0.000184 0.971343
vn 0.313681 0.000107 0.949528
vn 0.294923 -0.000152 0.955521
vn 0.359895 0.000074 0.932993
vn 0.348201 -0.000131 0.937420
vn 0.400363 -0.000088 0.916357
vn 0.405242 0.000018 0.914209
vn 0.449611 -0.000019 0.893224
vn 0.451266 -0.000059 0.892389
vn 0.492897 0.000050 0.870087
vn 0.534997 0.000100 0.844854
vn 0.500812 -0.000120 0.865556
vn 0.548751 -0.000160 0.835986
vn 0.575808 0.000129 0.817585
vn 0.615232 0.000135 0.788346
vn 0.594930 -0.000178 0.803778
vn 0.653174 0.000135 0.757208
vn 0.637025 -0.000144 0.770843
vn 0.689539 0.000141 0.724248
vn 0.673362 -0.000120 0.739313
vn 0.724247 0.000142 0.689541
vn 0.706366 -0.000123 0.707846
vn 0.757210 0.000136 0.653171
vn 0.737896 -0.000120 0.674914
vn 0.788346 0.000124 0.615233
vn 0.767890 -0.000111 0.640582
vn 0.817585 0.000106 0.575808
vn 0.796287 -0.000096 0.604919
vn 0.844854 0.000081 0.534997
vn 0.823026 -0.000074 0.568004
vn 0.846833 0.000003 0.531859
vn 0.870087 0.000117 0.492897
vn 0.866922 -0.000003 0.498444
vn 0.893224 0.000156 0.449611
vn 0.884755 -0.000079 0.466056
vn 0.914210 0.000119 0.405241
vn 0.901363 -0.000079 0.433065
vn 0.916727 -0.000002 0.399514
vn 0.932992 0.000118 0.359896
vn 0.930856 0.000002 0.365385
vn 0.949528 0.000161 0.313683
vn 0.943724 -0.000080 0.330735
vn 0.963777 0.000125 0.266711
vn 0.955293 -0.000083 0.295660
vn 0.965555 -0.000007 0.260197
vn 0.975702 0.000117 0.219100
vn 0.974505 0.000007 0.224368
vn 0.985277 0.000162 0.170963
vn 0.981780 -0.000068 0.190023
vn 0.987289 -0.000019 0.158935
vn 0.992479 0.000148 0.122413
vn 0.991601 0.000023 0.129333
vn 0.997291 0.000131 0.073562
vn 0.995027 -0.000061 0.099605
vn 0.997561 0.000057 0.069798
vn 0.999153 -0.000035 0.041159
vn 0.999699 0.000163 0.024542
vn 0.999906 0.000000 0.013722
vn 0.000000 0.000000 -1.000000
vn 0.000000 0.000000 -1.000000
vn 1.000000 0.000000 0.000000
vn 1.000000 -0.000000 0.000000
vn -1.000000 0.000000 0.000000
vn -1.000000 0.000000 0.000000
vn -1.000000 0.000000 0.000000
vn -1.000000 0.000000 0.000000
vn -1.000000 0.000000 0.000000
vn -1.000000 0.000000 0.000000
vn -1.000000 0.000000 0.000000
vn -1.000000 0.000000 0.000000
vn -1.000000 0.000000 0.000000
vn -1.000000 0.000000 0.000000
vn -1.000000 0.000000 0.000000
vn -1.000000 0.000000 0.000000
vn -1.000000 0.000000 0.000000
vn -1.000000 0.000000 0.000000
vn -1.000000 0.000000 0.000000
vn -1.000000 0.000000 0.000000
vn -1.000000 0.000000 0.000000
vn -1.000000 0.000000 0.000000
vn -1.000000 0.000000 0.000000
vn -1.000000 0.000000 0.000000
vn -1.000000 0.000000 0.000000
vn -1.000000 0.000000 0.000000
vn -1.000000 0.000000 0.000000
vn -1.000000 0.000000 0.000000
vn -1.000000 0.000000 0.000000
vn -1.000000 0.000000 0.000000
vn -1.000000 0.000000 0.000000
vn -1.000000 0.000000 0.000000
vn -1.000000 0.000000 0.000000
vn -1.000000 0.000000 0.000000
vn -1.000000 0.000000 0.000000
vn -1.000000 0.000000 0.000000
vn -1.000000 0.000000 0.000000
vn -1.000000 0.000000 0.000000
vn -1.000000 0.000000 0.000000
vn -1.000000 0.000000 0.000000
vn -1.000000 0.000000 0.000000
vn -1.000000 0.000000 0.000000
vn -1.000000 0.000000 0.000000
vn -1.000000 0.000000 0.000000
vn -1.000000 0.000000 0.000000
vn -1.000000 0.000000 0.000000
vn -1.000000 0.000000 0.000000
vn -1.000000 0.000000 0.000000
vn -1.000000 0.000000 0.000000
vn -1.000000 0.000000 0.000000
vn -1.000000 0.000000 0.000000
vn -1.000000 0.000000 0.000000
vn -1.000000 0.000000 0.000000
vn -1.000000 0.000000 0.000000
vn -1.000000 0.000000 0.000000
vn -1.000000 0.000000 0.000000
vn -1.000000 0.000000 0.000000
vn -1.000000 0.000000 0.000000
vn -1.000000 0.000000 0.000000
vn -1.000000 0.000000 0.000000
vn -1.000000 0.000000 0.000000
vn -1.000000 0.000000 0.000000
vn -1.000000 0.000000 0.000000
vn -1.000000 0.000000 0.000000
vn -1.000000 0.000000 0.000000
vn -1.000000 0.000000 0.000000
vn -1.000000 0.000000 0.000000
vn -1.000000 0.000000 0.000000
vn -1.000000 0.000000 0.000000
vn -1.000000 0.000000 0.000000
vn -1.000000 0.000000 0.000000
vn -1.000000 0.000000 0.000000
vn -1.000000 0.000000 0.000000
vn -1.000000 0.000000 0.000000
vn 0.000000 0.000000 1.000000
vn 0.000000 0.000000 1.000000
vn 0.000000 0.000000 1.000000
vn 0.000000 0.000000 1.000000
vn 0.000000 0.000000 1.000000
vn 0.000000 0.000000 1.000000
vn 0.000000 0.000000 1.000000
vn 0.000000 0.000000 1.000000
vn 0.000000 0.000000 1.000000
vn 0.000000 0.000000 1.000000
vn 0.000000 0.000000 1.000000
vn 0.000000 0.000000 1.000000
vn 0.000000 0.000000 1.000000
vn 0.000000 0.000000 1.000000
vn 0.000000 0.000000 1.000000
vn 0.000000 0.000000 1.000000
vn 0.000000 0.000000 1.000000
vn 0.000000 0.000000 1.000000
vn 0.000000 0.000000 1.000000
vn 0.000000 0.000000 1.000000
vn 0.000000 0.000000 1.000000
vn 0.000000 0.000000 1.000000
vn 0.000000 0.000000 1.000000
vn 0.000000 0.000000 1.000000
vn 0.000000 0.000000 1.000000
vn 0.000000 0.000000 1.000000
vn 0.000000 0.000000 1.000000
vn 0.000000 0.000000 1.000000
vn 0.000000 0.000000 1.000000
vn 0.000000 0.000000 1.000000
vn 0.000000 0.000000 1.000000
vn 0.000000 0.000000 1.000000
vn 0.000000 0.000000 1.000000
vn 0.000000 0.000000 1.000000
vn 0.000000 0.000000 1.000000
vn 0.000000 0.000000 1.000000
vn 0.000000 0.000000 1.000000
vn 0.000000 0.000000 1.000000
vn 0.000000 0.000000 1.000000
vn 0.000000 0.000000 1.000000
vn 0.000000 0.000000 1.000000
vn 0.000000 0.000000 1.000000
vn 0.000000 0.000000 1.000000
vn 0.000000 0.000000 1.000000
vn 0.000000 0.000000 1.000000
vn 0.000000 0.000000 1.000000
vn 0.000000 0.000000 1.000000
vn 0.000000 0.000000 1.000000
vn 0.000000 0.000000 1.000000
vn 0.000000 0.000000 1.000000
vn 0.000000 0.000000 1.000000
vn 0.000000 0.000000 1.000000
vn 0.000000 0.000000 1.000000
vn 0.000000 0.000000 1.000000
vn 0.000000 0.000000 1.000000
vn 0.000000 0.000000 1.000000
vn 0.000000 0.000000 1.000000
vn 0.000000 0.000000 1.000000
vn 0.000000 0.000000 1.000000
vn 0.000000 0.000000 1.000000
vn 0.000000 0.000000 1.000000
vn 0.000000 0.000000 1.000000
vn 0.000000 0.000000 1.000000
vn 0.000000 0.000000 1.000000
vn 0.000000 0.000000 1.000000
vn 0.000000 0.000000 1.000000
vn 0.000000 0.000000 1.000000
vn 0.000000 0.000000 1.000000
vn 0.000000 0.000000 1.000000
vn 0.000000 0.000000 1.000000
vn 0.000000 0.000000 1.000000
vn 0.000000 0.000000 1.000000
vn 0.000000 0.000000 1.000000
vn 0.000000 0.000000 1.000000
vn 0.000000 0.000000 1.000000
vn 0.000000 0.000000 1.000000
vn 0.000000 0.000000 1.000000
vn 0.000000 0.000000 1.000000
vn 0.000000 0.000000 1.000000
vn 0.000000 0.000000 1.000000
vn 0.000000 0.000000 1.000000
vn 0.000000 0.000000 1.000000
vn 0.000000 0.000000 1.000000
vn 0.000000 0.000000 1.000000
vn 0.000000 0.000000 1.000000
vn 0.000000 0.000000 1.000000
vn 0.000000 0.000000 1.000000
vn 0.000000 0.000000 1.000000
vn 0.000000 0.000000 1.000000
vn 0.000000 0.000000 1.000000
vn 0.000000 0.000000 1.000000
vn 0.000000 0.000000 1.000000
vn 0.000000 0.000000 1.000000
vn 0.000000 0.000000 1.000000
vn 0.000000 0.000000 1.000000
vn 0.000000 0.000000 1.000000
vn 0.000000 0.000000 1.000000
vn 0.000000 0.000000 1.000000
vn 0.000000 0.000000 1.000000
vn 0.000000 0.000000 1.000000
vn 0.000000 0.000000 1.000000
vn 0.000000 0.000000 1.000000
vn 0.000000 0.000000 1.000000
vn 0.000000 0.000000 1.000000
vn 0.000000 0.000000 1.000000
vn 0.000000 0.000000 1.000000
vn 0.000000 0.000000 1.000000
vn 0.000000 0.000000 1.000000
vn 0.000000 0.000000 1.000000
vn 0.000000 0.000000 1.000000
vn 0.000000 0.000000 1.000000
vn 0.000000 0.000000 1.000000
vn 0.000000 0.000000 1.000000
vn 0.000000 0.000000 1.000000
vn 0.000000 0.000000 1.000000
vn 0.000000 0.000000 1.000000
vn 0.000000 0.000000 1.000000
vn 0.000000 0.000000 1.000000
vn 0.000000 0.000000 1.000000
vn 0.000000 0.000000 1.000000
vn 0.000000 0.000000 1.000000
vn 0.000000 0.000000 1.000000
vn 0.000000 0.000000 1.000000
vn 0.000000 0.000000 1.000000
vn 0.000000 0.000000 1.000000
vn 0.000000 0.000000 1.000000
vn 0.000000 0.000000 1.000000
vn 0.000000 0.000000 1.000000
vn 0.000000 0.000000 1.000000
vn 0.000000 0.000000 1.000000
vn 0.000000 1.000000 -0.000000
vn 0.000000 1.000000 0.000000
vn 0.000000 0.024542 0.999699
vn -0.000106 0.073564 0.997290
vn 0.000181 0.034928 0.999390
vn -0.000063 0.122411 0.992479
vn 0.000088 0.170961 0.985278
vn 0.000215 0.104285 0.994547
vn -0.000086 0.219102 0.975702
vn 0.000133 0.173024 0.984918
vn -0.000118 0.266713 0.963776
vn 0.000184 0.237683 0.971343
vn -0.000107 0.313681 0.949528
vn 0.000152 0.294923 0.955521
vn -0.000074 0.359895 0.932993
vn 0.000131 0.348201 0.937420
vn 0.000088 0.400363 0.916357
vn -0.000018 0.405242 0.914209
vn 0.000019 0.449611 0.893224
vn 0.000059 0.451266 0.892389
vn -0.000050 0.492897 0.870087
vn -0.000100 0.534997 0.844854
vn 0.000120 0.500812 0.865556
vn 0.000160 0.548751 0.835986
vn -0.000129 0.575808 0.817585
vn -0.000135 0.615232 0.788346
vn 0.000178 0.594930 0.803778
vn -0.000135 0.653174 0.757208
vn 0.000144 0.637025 0.770843
vn -0.000141 0.689539 0.724248
vn 0.000120 0.673362 0.739313
vn -0.000142 0.724247 0.689541
vn 0.000123 0.706366 0.707846
vn -0.000136 0.757210 0.653171
vn 0.000120 0.737896 0.674914
vn -0.000124 0.788346 0.615233
vn 0.000111 0.767890 0.640582
vn -0.000106 0.817585 0.575808
vn 0.000096 0.796287 0.604919
vn -0.000081 0.844854 0.534997
vn 0.000074 0.823026 0.568004
vn -0.000003 0.846833 0.531859
vn -0.000117 0.870087 0.492897
vn 0.000003 0.866922 0.498444
vn -0.000156 0.893224 0.449611
vn 0.000079 0.884755 0.466056
vn -0.000119 0.914210 0.405241
vn 0.000079 0.901363 0.433065
vn 0.000002 0.916727 0.399514
vn -0.000118 0.932992 0.359896
vn -0.000002 0.930856 0.365385
vn -0.000161 0.949528 0.313683
vn 0.000080 0.943724 0.330735
vn -0.000125 0.963777 0.266711
vn 0.000083 0.955293 0.295660
vn 0.000007 0.965555 0.260197
vn -0.000117 0.975702 0.219100
vn -0.000007 0.974505 0.224368
vn -0.000162 0.985277 0.170963
vn 0.000068 0.981780 0.190023
vn 0.000019 0.987289 0.158935
vn -0.000148 0.992479 0.122413
vn -0.000023 0.991601 0.129333
vn -0.000131 0.997291 0.073562
vn 0.000061 0.995027 0.099605
vn -0.000057 0.997561 0.069798
vn 0.000035 0.999153 0.041159
vn -0.000163 0.999699 0.024542
vn 0.000000 0.999906 0.013722
vn -0.999689 -0.024919 0.000000
vn -0.999689 -0.024919 0.000000
vn -0.997202 -0.074757 0.000000
vn -0.997202 -0.074757 0.000000
vn -0.992226 -0.124447 0.000000
vn -0.984823 -0.173562 0.000000
vn -0.992226 -0.124447 0.000000
vn -0.984823 -0.173562 0.000000
vn -0.974927 -0.222524 0.000000
vn -0.974927 -0.222524 0.000000
vn -0.962608 -0.270899 0.000000
vn -0.947950 -0.318418 0.000000
vn -0.962608 -0.270899 0.000000
vn -0.930875 -0.365337 0.000000
vn -0.947950 -0.318418 0.000000
vn -0.930875 -0.365337 0.000000
vn -0.911470 -0.411368 0.000000
vn -0.911470 -0.411368 0.000000
vn -0.889908 -0.456139 0.000000
vn -0.889908 -0.456139 0.000000
vn -0.866031 -0.499991 0.000000
vn -0.866031 -0.499991 0.000000
vn -0.840030 -0.542539 0.000000
vn -0.840030 -0.542539 0.000000
vn -0.811922 -0.583766 0.000000
vn -0.811922 -0.583766 0.000000
vn -0.781796 -0.623535 0.000000
vn -0.781796 -0.623535 0.000000
vn -0.749829 -0.661632 0.000000
vn -0.749829 -0.661632 0.000000
vn -0.715827 -0.698277 0.000000
vn -0.680195 -0.733032 0.000000
vn -0.715827 -0.698277 0.000000
vn -0.680195 -0.733032 0.000000
vn -0.642770 -0.766059 0.000000
vn -0.642770 -0.766059 0.000000
vn -0.603811 -0.797127 0.000000
vn -0.563309 -0.826247 0.000000
vn -0.603811 -0.797127 0.000000
vn -0.563309 -0.826247 0.000000
vn -0.521464 -0.853273 0.000000
vn -0.478225 -0.878237 0.000000
vn -0.521464 -0.853273 0.000000
vn -0.433924 -0.900949 0.000000
vn -0.478225 -0.878237 0.000000
vn -0.388399 -0.921491 0.000000
vn -0.433924 -0.900949 0.000000
vn -0.388399 -0.921491 0.000000
vn -0.342036 -0.939687 0.000000
vn -0.342036 -0.939687 0.000000
vn -0.294771 -0.955568 0.000000
vn -0.246759 -0.969077 0.000000
vn -0.294771 -0.955568 0.000000
vn -0.246759 -0.969077 0.000000
vn -0.198117 -0.980178 0.000000
vn -0.198117 -0.980178 0.000000
vn -0.149053 -0.988829 0.000000
vn -0.149053 -0.988829 0.000000
vn -0.099569 -0.995031 0.000000
vn -0.099569 -0.995031 0.000000
vn -0.049845 -0.998757 0.000000
vn 0.000000 -1.000000 0.000000
vn -0.049845 -0.998757 0.000000
vn 0.000000 -1.000000 0.000000
vn 0.049845 -0.998757 0.000000
vn 0.049845 -0.998757 0.000000
vn 0.099569 -0.995031 0.000000
vn 0.099569 -0.995031 0.000000
vn 0.149053 -0.988829 0.000000
vn 0.149053 -0.988829 0.000000
vn 0.198117 -0.980178 0.000000
vn 0.198117 -0.980178 0.000000
vn 0.246759 -0.969077 0.000000
vn 0.246759 -0.969077 0.000000
vn 0.294771 -0.955568 0.000000
vn 0.294771 -0.955568 0.000000
vn 0.342036 -0.939687 0.000000
vn 0.342036 -0.939687 0.000000
vn 0.388399 -0.921491 0.000000
vn 0.388399 -0.921491 0.000000
vn 0.433924 -0.900949 0.000000
vn 0.433924 -0.900949 0.000000
vn 0.478225 -0.878237 0.000000
vn 0.478225 -0.878237 0.000000
vn 0.521464 -0.853273 0.000000
vn 0.521464 -0.853273 0.000000
vn 0.563309 -0.826247 0.000000
vn 0.563309 -0.826247 0.000000
vn 0.603811 -0.797127 0.000000
vn 0.603811 -0.797127 0.000000
vn 0.642770 -0.766059 0.000000
vn 0.642770 -0.766059 0.000000
vn 0.680195 -0.733032 0.000000
vn 0.680195 -0.733032 0.000000
vn 0.715827 -0.698277 0.000000
vn 0.715827 -0.698277 0.000000
vn 0.749829 -0.661632 0.000000
vn 0.749829 -0.661632 0.000000
vn 0.781796 -0.623535 0.000000
vn 0.781796 -0.623535 0.000000
vn 0.811922 -0.583766 0.000000
vn 0.811922 -0.583766 0.000000
vn 0.840030 -0.542539 0.000000
vn 0.840030 -0.542539 0.000000
vn 0.866031 -0.499991 0.000000
vn 0.866031 -0.499991 0.000000
vn 0.889908 -0.456139 0.000000
vn 0.889908 -0.456139 0.000000
vn 0.911470 -0.411368 0.000000
vn 0.911470 -0.411368 0.000000
vn 0.930875 -0.365337 0.000000
vn 0.930875 -0.365337 0.000000
vn 0.947950 -0.318418 0.000000
vn 0.947950 -0.318418 0.000000
vn 0.962608 -0.270899 0.000000
vn 0.962608 -0.270899 0.000000
vn 0.974927 -0.222524 0.000000
vn 0.974927 -0.222524 0.000000
vn 0.984823 -0.173562 0.000000
vn 0.984823 -0.173562 0.000000
vn 0.992226 -0.124447 0.000000
vn 0.992226 -0.124447 0.000000
vn 0.997202 -0.074757 0.000000
vn 0.997202 -0.074757 0.000000
vn 0.999689 -0.024919 0.000000
vn 0.999689 -0.024919 0.000000
vn 0.999689 0.024919 0.000000
vn 0.999689 0.024919 -0.000000
vn 0.997202 0.074757 0.000000
vn 0.997202 0.074757 -0.000000
vn 0.992226 0.124447 0.000000
vn 0.992226 0.124447 -0.000000
vn 0.984823 0.173562 0.000000
vn 0.984823 0.173562 -0.000000
vn 0.974927 0.222524 0.000000
vn 0.974927 0.222524 -0.000000
vn 0.962608 0.270899 0.000000
vn 0.962608 0.270899 -0.000000
vn 0.947950 0.318418 0.000000
vn 0.947950 0.318418 -0.000000
vn 0.930875 0.365337 0.000000
vn 0.930875 0.365337 -0.000000
vn 0.911470 0.411368 0.000000
vn 0.911470 0.411368 -0.000000
vn 0.889908 0.456139 0.000000
vn 0.889908 0.456139 -0.000000
vn 0.866031 0.499991 0.000000
vn 0.866031 0.499991 -0.000000
vn 0.840030 0.542539 0.000000
vn 0.840030 0.542539 -0.000000
vn 0.811922 0.583766 0.000000
vn 0.811922 0.583766 -0.000000
vn 0.781796 0.623535 0.000000
vn 0.781796 0.623535 -0.000000
vn 0.749829 0.661632 0.000000
vn 0.749829 0.661632 -0.000000
vn 0.715827 0.698277 -0.000000
vn 0.715827 0.698277 -0.000000
vn 0.680195 0.733032 -0.000000
vn 0.680195 0.733032 -0.000000
vn 0.642770 0.766059 0.000000
vn 0.642770 0.766059 -0.000000
vn 0.603811 0.797127 -0.000000
vn 0.603811 0.797127 -0.000000
vn 0.563309 0.826247 -0.000000
vn 0.563309 0.826247 0.000000
vn 0.521464 0.853273 -0.000000
vn 0.478225 0.878237 -0.000000
vn 0.521464 0.853273 0.000000
vn 0.433924 0.900949 -0.000000
vn 0.478225 0.878237 -0.000000
vn 0.433924 0.900949 -0.000000
vn 0.388399 0.921491 -0.000000
vn 0.388399 0.921491 0.000000
vn 0.342036 0.939687 0.000000
vn 0.342036 0.939687 -0.000000
vn 0.294771 0.955568 0.000000
vn 0.294771 0.955568 -0.000000
vn 0.246755 0.969078 0.000000
vn 0.246755 0.969078 -0.000000
vn 0.198122 0.980177 0.000000
vn 0.198122 0.980177 -0.000000
vn 0.149058 0.988829 0.000000
vn 0.149058 0.988829 -0.000000
vn 0.099569 0.995031 0.000000
vn 0.099569 0.995031 -0.000000
vn 0.049840 0.998757 0.000000
vn 0.049840 0.998757 -0.000000
vn 0.000000 1.000000 0.000000
vn 0.000000 1.000000 -0.000000
vn -0.049840 0.998757 0.000000
vn -0.049840 0.998757 0.000000
vn -0.099569 0.995031 0.000000
vn -0.099569 0.995031 0.000000
vn -0.149058 0.988829 0.000000
vn -0.149058 0.988829 0.000000
vn -0.198122 0.980177 0.000000
vn -0.198122 0.980177 0.000000
vn -0.246755 0.969078 0.000000
vn -0.246755 0.969078 0.000000
vn -0.294771 0.955568 0.000000
vn -0.342036 0.939687 0.000000
vn -0.294771 0.955568 0.000000
vn -0.342036 0.939687 0.000000
vn -0.388399 0.921491 0.000000
vn -0.388399 0.921491 0.000000
vn -0.433924 0.900949 0.000000
vn -0.478225 0.878237 0.000000
vn -0.433924 0.900949 0.000000
vn -0.521464 0.853273 0.000000
vn -0.478225 0.878237 0.000000
vn -0.521464 0.853273 0.000000
vn -0.563309 0.826247 0.000000
vn -0.563309 0.826247 0.000000
vn -0.603811 0.797127 0.000000
vn -0.642770 0.766059 0.000000
vn -0.603811 0.797127 0.000000
vn -0.642770 0.766059 0.000000
vn -0.680195 0.733032 0.000000
vn -0.680195 0.733032 0.000000
vn -0.715827 0.698277 0.000000
vn -0.715827 0.698277 0.000000
vn -0.749829 0.661632 0.000000
vn -0.749829 0.661632 0.000000
vn -0.781796 0.623535 0.000000
vn -0.781796 0.623535 0.000000
vn -0.811922 0.583766 0.000000
vn -0.811922 0.583766 0.000000
vn -0.840030 0.542539 0.000000
vn -0.840030 0.542539 0.000000
vn -0.866031 0.499991 0.000000
vn -0.866031 0.499991 0.000000
vn -0.889908 0.456139 0.000000
vn -0.911470 0.411368 0.000000
vn -0.889908 0.456139 0.000000
vn -0.911470 0.411368 0.000000
vn -0.930875 0.365337 0.000000
vn -0.930875 0.365337 0.000000
vn -0.947950 0.318418 0.000000
vn -0.947950 0.318418 0.000000
vn -0.962608 0.270899 0.000000
vn -0.962608 0.270899 0.000000
vn -0.974927 0.222524 0.000000
vn -0.974927 0.222524 0.000000
vn -0.984823 0.173562 0.000000
vn -0.992226 0.124447 0.000000
vn -0.984823 0.173562 0.000000
vn -0.992226 0.124447 0.000000
vn -0.997202 0.074757 0.000000
vn -0.999689 0.024919 0.000000
vn -0.997202 0.074757 0.000000
vn -0.999689 0.024919 0.000000
vn 0.000000 -0.024542 0.999699
vn 0.000106 -0.073565 0.997290
vn -0.000181 -0.034928 0.999390
vn 0.000063 -0.122412 0.992479
vn -0.000088 -0.170959 0.985278
vn -0.000215 -0.104284 0.994548
vn 0.000086 -0.219106 0.975701
vn -0.000133 -0.173025 0.984917
vn 0.000118 -0.266710 0.963777
vn -0.000184 -0.237684 0.971343
vn 0.000107 -0.313676 0.949530
vn -0.000152 -0.294920 0.955522
vn 0.000074 -0.359899 0.932991
vn -0.000131 -0.348201 0.937420
vn -0.000087 -0.400369 0.916354
vn 0.000018 -0.405240 0.914210
vn -0.000019 -0.449614 0.893223
vn -0.000059 -0.451264 0.892391
vn 0.000050 -0.492893 0.870090
vn 0.000100 -0.535007 0.844848
vn -0.000120 -0.500812 0.865556
vn -0.000160 -0.548748 0.835988
vn 0.000129 -0.575806 0.817586
vn 0.000135 -0.615223 0.788353
vn -0.000178 -0.594933 0.803776
vn 0.000135 -0.653181 0.757202
vn -0.000145 -0.637028 0.770840
vn 0.000141 -0.689544 0.724243
vn -0.000120 -0.673365 0.739310
vn 0.000142 -0.724236 0.689552
vn -0.000123 -0.706365 0.707848
vn 0.000136 -0.757215 0.653165
vn -0.000120 -0.737885 0.674927
vn 0.000124 -0.788346 0.615233
vn -0.000111 -0.767898 0.640573
vn 0.000106 -0.817585 0.575808
vn -0.000096 -0.796285 0.604921
vn 0.000081 -0.844854 0.534997
vn -0.000074 -0.823026 0.568004
vn 0.000004 -0.846825 0.531871
vn 0.000117 -0.870080 0.492911
vn -0.000003 -0.866930 0.498430
vn 0.000156 -0.893233 0.449595
vn -0.000079 -0.884753 0.466060
vn 0.000119 -0.914207 0.405247
vn -0.000079 -0.901368 0.433054
vn -0.000002 -0.916729 0.399510
vn 0.000118 -0.932996 0.359887
vn 0.000002 -0.930848 0.365406
vn 0.000161 -0.949529 0.313680
vn -0.000079 -0.943728 0.330722
vn 0.000125 -0.963770 0.266734
vn -0.000083 -0.955297 0.295647
vn -0.000007 -0.965551 0.260215
vn 0.000117 -0.975705 0.219087
vn 0.000007 -0.974508 0.224355
vn 0.000163 -0.985279 0.170956
vn -0.000068 -0.981774 0.190053
vn -0.000019 -0.987290 0.158930
vn 0.000147 -0.992477 0.122430
vn 0.000024 -0.991604 0.129310
vn 0.000131 -0.997290 0.073566
vn -0.000061 -0.995025 0.099628
vn 0.000057 -0.997562 0.069781
vn -0.000035 -0.999153 0.041140
vn 0.000163 -0.999699 0.024531
vn 0.000000 -0.999906 0.013747
vn -0.000181 0.034928 0.999390
vn -0.000000 0.024542 0.999699
vn -0.000215 0.104285 0.994547
vn 0.000106 0.073564 0.997290
vn 0.000063 0.122411 0.992479
vn -0.000133 0.173024 0.984918
vn -0.000088 0.170961 0.985278
vn -0.000184 0.237683 0.971343
vn 0.000086 0.219102 0.975702
vn -0.000152 0.294923 0.955521
vn 0.000118 0.266713 0.963776
vn -0.000131 0.348201 0.937420
vn 0.000107 0.313681 0.949528
vn 0.000074 0.359895 0.932993
vn -0.000088 0.400363 0.916357
vn 0.000018 0.405242 0.914209
vn -0.000059 0.451266 0.892389
vn -0.000019 0.449611 0.893224
vn -0.000120 0.500812 0.865556
vn 0.000050 0.492897 0.870087
vn -0.000160 0.548751 0.835986
vn 0.000100 0.534997 0.844854
vn -0.000178 0.594930 0.803778
vn 0.000129 0.575808 0.817585
vn -0.000144 0.637025 0.770843
vn 0.000135 0.615232 0.788346
vn -0.000120 0.673362 0.739313
vn 0.000135 0.653174 0.757208
vn -0.000123 0.706366 0.707846
vn 0.000141 0.689539 0.724248
vn -0.000120 0.737896 0.674914
vn 0.000142 0.724247 0.689541
vn -0.000111 0.767890 0.640582
vn 0.000136 0.757210 0.653171
vn -0.000096 0.796287 0.604919
vn 0.000124 0.788346 0.615233
vn -0.000074 0.823026 0.568004
vn 0.000106 0.817585 0.575808
vn 0.000003 0.846833 0.531859
vn -0.000003 0.866922 0.498444
vn 0.000081 0.844854 0.534997
vn -0.000079 0.884755 0.466056
vn 0.000117 0.870087 0.492897
vn -0.000079 0.901363 0.433065
vn 0.000156 0.893224 0.449611
vn -0.000002 0.916727 0.399514
vn 0.000002 0.930856 0.365385
vn 0.000119 0.914210 0.405241
vn -0.000080 0.943724 0.330735
vn 0.000118 0.932992 0.359896
vn -0.000083 0.955293 0.295660
vn 0.000161 0.949528 0.313683
vn -0.000007 0.965555 0.260197
vn 0.000007 0.974505 0.224368
vn 0.000125 0.963777 0.266711
vn -0.000068 0.981780 0.190023
vn 0.000117 0.975702 0.219100
vn -0.000019 0.987289 0.158935
vn 0.000023 0.991601 0.129333
vn 0.000162 0.985277 0.170963
vn -0.000061 0.995027 0.099605
vn 0.000148 0.992479 0.122413
vn 0.000057 0.997561 0.069798
vn -0.000035 0.999153 0.041159
vn 0.000131 0.997291 0.073562
vn 0.000163 0.999699 0.024542
vn 0.000000 0.999906 0.013722
vn 0.034928 0.000181 0.999390
vn 0.024542 0.000000 0.999699
vn 0.104285 0.000215 0.994547
vn 0.073564 -0.000106 0.997290
vn 0.122411 -0.000063 0.992479
vn 0.173024 0.000133 0.984918
vn 0.170961 0.000088 0.985278
vn 0.237683 0.000184 0.971343
vn 0.219102 -0.000086 0.975702
vn 0.294923 0.000152 0.955521
vn 0.266713 -0.000118 0.963776
vn 0.348201 0.000131 0.937420
vn 0.313681 -0.000107 0.949528
vn 0.359895 -0.000074 0.932993
vn 0.400363 0.000088 0.916357
vn 0.405242 -0.000018 0.914209
vn 0.451266 0.000059 0.892389
vn 0.449611 0.000019 0.893224
vn 0.500812 0.000120 0.865556
vn 0.492897 -0.000050 0.870087
vn 0.548751 0.000160 0.835986
vn 0.534997 -0.000100 0.844854
vn 0.594930 0.000178 0.803778
vn 0.575808 -0.000129 0.817585
vn 0.637025 0.000144 0.770843
vn 0.615232 -0.000135 0.788346
vn 0.673362 0.000120 0.739313
vn 0.653174 -0.000135 0.757208
vn 0.706366 0.000123 0.707846
vn 0.689539 -0.000141 0.724248
vn 0.737896 0.000120 0.674914
vn 0.724247 -0.000142 0.689541
vn 0.767890 0.000111 0.640582
vn 0.757210 -0.000136 0.653171
vn 0.796287 0.000096 0.604919
vn 0.788346 -0.000124 0.615233
vn 0.823026 0.000074 0.568004
vn 0.817585 -0.000106 0.575808
vn 0.846833 -0.000003 0.531859
vn 0.866922 0.000003 0.498444
vn 0.844854 -0.000081 0.534997
vn 0.884755 0.000079 0.466056
vn 0.870087 -0.000117 0.492897
vn 0.901363 0.000079 0.433065
vn 0.893224 -0.000156 0.449611
vn 0.916727 0.000002 0.399514
vn 0.930856 -0.000002 0.365385
vn 0.914210 -0.000119 0.405241
vn 0.943724 0.000080 0.330735
vn 0.932992 -0.000118 0.359896
vn 0.955293 0.000083 0.295660
vn 0.949528 -0.000161 0.313683
vn 0.965555 0.000007 0.260197
vn 0.974505 -0.000007 0.224368
vn 0.963777 -0.000125 0.266711
vn 0.981780 0.000068 0.190023
vn 0.975702 -0.000117 0.219100
vn 0.987289 0.000019 0.158935
vn 0.991601 -0.000023 0.129333
vn 0.985277 -0.000162 0.170963
vn 0.995027 0.000061 0.099605
vn 0.992479 -0.000148 0.122413
vn 0.997561 -0.000057 0.069798
vn 0.999153 0.000035 0.041159
vn 0.997291 -0.000131 0.073562
vn 0.999699 -0.000163 0.024542
vn 0.999906 0.000000 0.013722
vn 0.000000 1.000000 0.000000
vn 0.000000 1.000000 0.000000
vn 0.000000 1.000000 0.000000
vn 0.000000 1.000000 0.000000
vn 0.000000 1.000000 0.000000
vn 0.000000 1.000000 0.000000
vn 0.000000 1.000000 0.000000
vn 0.000000 1.000000 0.000000
vn 0.000000 1.000000 0.000000
vn 0.000000 1.000000 0.000000
vn 0.000000 1.000000 0.000000
vn 0.000000 1.000000 0.000000
vn 0.000000 1.000000 0.000000
vn 0.000000 1.000000 0.000000
vn 0.000000 1.000000 0.000000
vn 0.000000 1.000000 0.000000
vn 0.000000 1.000000 0.000000
vn 0.000000 1.000000 0.000000
vn 0.000000 1.000000 0.000000
vn 0.000000 1.000000 0.000000
vn 0.000000 1.000000 0.000000
vn 0.000000 1.000000 0.000000
vn 0.000000 1.000000 0.000000
vn 0.000000 1.000000 0.000000
vn 0.000000 1.000000 0.000000
vn 0.000000 1.000000 0.000000
vn 0.000000 1.000000 0.000000
vn 0.000000 1.000000 0.000000
vn 0.000000 1.000000 0.000000
vn 0.000000 1.000000 0.000000
vn 0.000000 1.000000 0.000000
vn 0.000000 1.000000 0.000000
vn 0.000000 1.000000 0.000000
vn 0.000000 1.000000 0.000000
vn 0.000000 1.000000 0.000000
vn 0.000000 1.000000 0.000000
vn 0.000000 1.000000 0.000000
vn 0.000000 1.000000 0.000000
vn 0.000000 1.000000 0.000000
vn 0.000000 1.000000 0.000000
vn 0.000000 1.000000 0.000000
vn 0.000000 1.000000 0.000000
vn 0.000000 1.000000 0.000000
vn 0.000000 1.000000 0.000000
vn 0.000000 1.000000 0.000000
vn 0.000000 1.000000 0.000000
vn 0.000000 1.000000 0.000000
vn 0.000000 1.000000 0.000000
vn 0.000000 1.000000 0.000000
vn 0.000000 1.000000 0.000000
vn 0.000000 1.000000 0.000000
vn 0.000000 1.000000 0.000000
vn 0.000000 1.000000 0.000000
vn 0.000000 1.000000 0.000000
vn 0.000000 1.000000 0.000000
vn 0.000000 1.000000 0.000000
vn 0.000000 1.000000 0.000000
vn 0.000000 1.000000 0.000000
vn 0.000000 1.000000 0.000000
vn 0.000000 1.000000 0.000000
vn 0.000000 1.000000 0.000000
vn 0.000000 1.000000 0.000000
vn 0.000000 1.000000 0.000000
vn 0.000000 1.000000 0.000000
vn 0.000000 1.000000 0.000000
vn 0.000000 1.000000 0.000000
vn 0.000000 1.000000 0.000000
vn 0.000000 1.000000 0.000000
vn 0.000000 1.000000 0.000000
vn 0.000000 1.000000 0.000000
vn -0.024542 0.000000 0.999699
vn -0.073565 -0.000106 0.997290
vn -0.034928 0.000181 0.999390
vn -0.122412 -0.000063 0.992479
vn -0.170959 0.000088 0.985278
vn -0.104284 0.000215 0.994548
vn -0.219106 -0.000086 0.975701
vn -0.173025 0.000133 0.984917
vn -0.266710 -0.000118 0.963777
vn -0.237684 0.000184 0.971343
vn -0.313676 -0.000107 0.949530
vn -0.294920 0.000152 0.955522
vn -0.359899 -0.000074 0.932991
vn -0.348201 0.000131 0.937420
vn -0.400369 0.000087 0.916354
vn -0.405240 -0.000018 0.914210
vn -0.449614 0.000019 0.893223
vn -0.451264 0.000059 0.892391
vn -0.492893 -0.000050 0.870090
vn -0.535007 -0.000100 0.844848
vn -0.500812 0.000120 0.865556
vn -0.548748 0.000160 0.835988
vn -0.575806 -0.000129 0.817586
vn -0.615223 -0.000135 0.788353
vn -0.594933 0.000178 0.803776
vn -0.653181 -0.000135 0.757202
vn -0.637028 0.000145 0.770840
vn -0.689544 -0.000141 0.724243
vn -0.673365 0.000120 0.739310
vn -0.724236 -0.000142 0.689552
vn -0.706365 0.000123 0.707848
vn -0.757216 -0.000136 0.653165
vn -0.737885 0.000120 0.674927
vn -0.788346 -0.000124 0.615233
vn -0.767897 0.000111 0.640573
vn -0.817585 -0.000106 0.575808
vn -0.796285 0.000096 0.604921
vn -0.844854 -0.000081 0.534997
vn -0.823026 0.000074 0.568004
vn -0.846825 -0.000004 0.531871
vn -0.870080 -0.000117 0.492911
vn -0.866930 0.000003 0.498430
vn -0.893233 -0.000156 0.449595
vn -0.884753 0.000079 0.466060
vn -0.914207 -0.000119 0.405247
vn -0.901368 0.000079 0.433054
vn -0.916729 0.000002 0.399510
vn -0.932996 -0.000118 0.359887
vn -0.930848 -0.000002 0.365406
vn -0.949529 -0.000161 0.313680
vn -0.943728 0.000079 0.330722
vn -0.963770 -0.000125 0.266734
vn -0.955297 0.000083 0.295647
vn -0.965551 0.000007 0.260215
vn -0.975705 -0.000117 0.219087
vn -0.974508 -0.000007 0.224355
vn -0.985279 -0.000163 0.170956
vn -0.981774 0.000068 0.190053
vn -0.987290 0.000019 0.158930
vn -0.992477 -0.000147 0.122430
vn -0.991604 -0.000024 0.129310
vn -0.997290 -0.000131 0.073566
vn -0.995025 0.000061 0.099628
vn -0.997562 -0.000057 0.069781
vn -0.999153 0.000035 0.041140
vn -0.999699 -0.000163 0.024531
vn -0.999906 0.000000 0.013747
vn 0.000181 -0.034928 0.999390
vn 0.000000 -0.024542 0.999699
vn 0.000215 -0.104284 0.994548
vn -0.000106 -0.073565 0.997290
vn -0.000063 -0.122412 0.992479
vn 0.000133 -0.173025 0.984917
vn 0.000088 -0.170959 0.985278
vn 0.000184 -0.237684 0.971343
vn -0.000086 -0.219106 0.975701
vn 0.000152 -0.294920 0.955522
vn -0.000118 -0.266710 0.963777
vn 0.000131 -0.348201 0.937420
vn -0.000107 -0.313676 0.949530
vn -0.000074 -0.359899 0.932991
vn 0.000087 -0.400369 0.916354
vn -0.000018 -0.405240 0.914210
vn 0.000059 -0.451264 0.892391
vn 0.000019 -0.449614 0.893223
vn 0.000120 -0.500812 0.865556
vn -0.000050 -0.492893 0.870090
vn 0.000160 -0.548748 0.835988
vn -0.000100 -0.535007 0.844848
vn 0.000178 -0.594933 0.803776
vn -0.000129 -0.575806 0.817586
vn 0.000145 -0.637028 0.770840
vn -0.000135 -0.615223 0.788353
vn 0.000120 -0.673365 0.739310
vn -0.000135 -0.653181 0.757202
vn 0.000123 -0.706365 0.707848
vn -0.000141 -0.689544 0.724243
vn 0.000120 -0.737885 0.674927
vn -0.000142 -0.724236 0.689552
vn 0.000111 -0.767897 0.640573
vn -0.000136 -0.757216 0.653165
vn 0.000096 -0.796285 0.604921
vn -0.000124 -0.788346 0.615233
vn 0.000074 -0.823026 0.568004
vn -0.000106 -0.817585 0.575808
vn -0.000004 -0.846825 0.531871
vn 0.000003 -0.866930 0.498430
vn -0.000081 -0.844854 0.534997
vn 0.000079 -0.884753 0.466060
vn -0.000117 -0.870080 0.492911
vn 0.000079 -0.901368 0.433054
vn -0.000156 -0.893233 0.449595
vn 0.000002 -0.916729 0.399510
vn -0.000002 -0.930848 0.365406
vn -0.000119 -0.914207 0.405247
vn 0.000079 -0.943728 0.330722
vn -0.000118 -0.932996 0.359887
vn 0.000083 -0.955297 0.295647
vn -0.000161 -0.949529 0.313680
vn 0.000007 -0.965551 0.260215
vn -0.000007 -0.974508 0.224355
vn -0.000125 -0.963770 0.266734
vn 0.000068 -0.981774 0.190053
vn -0.000117 -0.975705 0.219087
vn 0.000019 -0.987290 0.158930
vn -0.000024 -0.991604 0.129310
vn -0.000163 -0.985279 0.170956
vn 0.000061 -0.995025 0.099628
vn -0.000147 -0.992477 0.122430
vn -0.000057 -0.997562 0.069781
vn 0.000035 -0.999153 0.041140
vn -0.000131 -0.997290 0.073566
vn -0.000163 -0.999699 0.024531
vn 0.000000 -0.999906 0.013747
vn 0.000000 -1.000000 0.000000
vn 0.000000 -1.000000 0.000000
vn 0.000000 0.000000 1.000000
vn 0.000000 0.000000 1.000000
vn 0.000000 0.000000 1.000000
vn 0.000000 0.000000 1.000000
vn 0.000000 0.000000 1.000000
vn 0.000000 0.000000 1.000000
vn 0.000000 0.000000 1.000000
vn 0.000000 0.000000 1.000000
vn 0.000000 0.000000 1.000000
vn 0.000000 0.000000 1.000000
vn 0.000000 0.000000 1.000000
vn 0.000000 0.000000 1.000000
vn 0.000000 0.000000 1.000000
vn 0.000000 0.000000 1.000000
vn 0.000000 0.000000 1.000000
vn 0.000000 0.000000 1.000000
vn 0.000000 0.000000 1.000000
vn 0.000000 0.000000 1.000000
vn 0.000000 0.000000 1.000000
vn 0.000000 0.000000 1.000000
vn 0.000000 0.000000 1.000000
vn 0.000000 0.000000 1.000000
vn 0.000000 0.000000 1.000000
vn 0.000000 0.000000 1.000000
vn 0.000000 0.000000 1.000000
vn 0.000000 0.000000 1.000000
vn 0.000000 0.000000 1.000000
vn 0.000000 0.000000 1.000000
vn 0.000000 0.000000 1.000000
vn 0.000000 0.000000 1.000000
vn 0.000000 0.000000 1.000000
vn 0.000000 0.000000 1.000000
vn 0.000000 0.000000 1.000000
vn 0.000000 0.000000 1.000000
vn 0.000000 0.000000 1.000000
vn 0.000000 0.000000 1.000000
vn 0.000000 0.000000 1.000000
vn 0.000000 0.000000 1.000000
vn 0.000000 0.000000 1.000000
vn 0.000000 0.000000 1.000000
vn 0.000000 0.000000 1.000000
vn 0.000000 0.000000 1.000000
vn 0.000000 0.000000 1.000000
vn 0.000000 0.000000 1.000000
vn 0.000000 0.000000 1.000000
vn 0.000000 0.000000 1.000000
vn 0.000000 0.000000 1.000000
vn 0.000000 0.000000 1.000000
vn 0.000000 0.000000 1.000000
vn 0.000000 0.000000 1.000000
vn 0.000000 0.000000 1.000000
vn 0.000000 0.000000 1.000000
vn 0.000000 0.000000 1.000000
vn 0.000000 0.000000 1.000000
vn 0.000000 0.000000 1.000000
vn 0.000000 0.000000 1.000000
vn 0.000000 0.000000 1.000000
vn 0.000000 0.000000 1.000000
vn 0.000000 0.000000 1.000000
vn 0.000000 0.000000 1.000000
vn 0.000000 0.000000 1.000000
vn 0.000000 0.000000 1.000000
vn 0.000000 0.000000 1.000000
vn 0.000000 0.000000 1.000000
vn 0.000000 0.000000 1.000000
vn 0.000000 0.000000 1.000000
vn 0.000000 0.000000 1.000000
vn 0.000000 0.000000 1.000000
vn 0.000000 0.000000 1.000000
vn 0.000000 0.000000 1.000000
vn 0.000000 0.000000 1.000000
vn 0.000000 0.000000 1.000000
vn 0.000000 0.000000 1.000000
vn 0.000000 0.000000 1.000000
vn 0.000000 0.000000 1.000000
vn 0.000000 0.000000 1.000000
vn 0.000000 0.000000 1.000000
vn 0.000000 0.000000 1.000000
vn 0.000000 0.000000 1.000000
vn 0.000000 0.000000 1.000000
vn 0.000000 0.000000 1.000000
vn 0.000000 0.000000 1.000000
vn 0.000000 0.000000 1.000000
vn 0.000000 0.000000 1.000000
vn 0.000000 0.000000 1.000000
vn 0.000000 0.000000 1.000000
vn 0.000000 0.000000 1.000000
vn 0.000000 0.000000 1.000000
vn 0.000000 0.000000 1.000000
vn 0.000000 0.000000 1.000000
vn 0.000000 0.000000 1.000000
vn 0.000000 0.000000 1.000000
vn 0.000000 0.000000 1.000000
vn 0.000000 0.000000 1.000000
vn 0.000000 0.000000 1.000000
vn 0.000000 0.000000 1.000000
vn 0.000000 0.000000 1.000000
vn 0.000000 0.000000 1.000000
vn 0.000000 0.000000 1.000000
vn 0.000000 0.000000 1.000000
vn 0.000000 0.000000 1.000000
vn 0.000000 0.000000 1.000000
vn 0.000000 0.000000 1.000000
vn 0.000000 0.000000 1.000000
vn 0.000000 0.000000 1.000000
vn 0.000000 0.000000 1.000000
vn 0.000000 0.000000 1.000000
vn 0.000000 0.000000 1.000000
vn 0.000000 0.000000 1.000000
vn 0.000000 0.000000 1.000000
vn 0.000000 0.000000 1.000000
vn 0.000000 0.000000 1.000000
vn 0.000000 0.000000 1.000000
vn 0.000000 0.000000 1.000000
vn 0.000000 0.000000 1.000000
vn 0.000000 0.000000 1.000000
vn 0.000000 0.000000 1.000000
vn 0.000000 0.000000 1.000000
vn 0.000000 0.000000 1.000000
vn 0.000000 0.000000 1.000000
vn 0.000000 0.000000 1.000000
vn 0.000000 0.000000 1.000000
vn 0.000000 0.000000 1.000000
vn 0.000000 0.000000 1.000000
vn 0.000000 0.000000 1.000000
vn 0.000000 0.000000 1.000000
vn 0.000000 0.000000 1.000000
vn 0.000000 0.000000 1.000000
vn 0.000000 0.000000 1.000000
vn 0.000000 0.000000 1.000000
vn 0.000000 1.000000 -0.000000
vn 0.000000 1.000000 0.000000
vn 0.000000 -1.000000 0.000000
vn 0.000000 -1.000000 0.000000
vn 0.000000 0.000000 1.000000
vn 0.000000 0.000000 1.000000
vn 0.000000 0.000000 1.000000
vn 0.000000 0.000000 1.000000
vn 0.000000 0.000000 1.000000
vn 0.000000 0.000000 1.000000
vn 0.000000 0.000000 1.000000
vn 0.000000 0.000000 1.000000
vn 0.000000 0.000000 1.000000
vn 0.000000 0.000000 1.000000
vn 0.000000 0.000000 1.000000
vn 0.000000 0.000000 1.000000
vn 0.000000 0.000000 1.000000
vn 0.000000 0.000000 1.000000
vn 0.000000 0.000000 1.000000
vn 0.000000 0.000000 1.000000
vn 0.000000 0.000000 1.000000
vn 0.000000 0.000000 1.000000
vn 0.000000 0.000000 1.000000
vn 0.000000 0.000000 1.000000
vn 0.000000 0.000000 1.000000
vn 0.000000 0.000000 1.000000
vn 0.000000 0.000000 1.000000
vn 0.000000 0.000000 1.000000
vn 0.000000 0.000000 1.000000
vn 0.000000 0.000000 1.000000
vn 0.000000 0.000000 1.000000
vn 0.000000 0.000000 1.000000
vn 0.000000 0.000000 1.000000
vn 0.000000 0.000000 1.000000
vn 0.000000 0.000000 1.000000
vn 0.000000 0.000000 1.000000
vn 0.000000 0.000000 1.000000
vn 0.000000 0.000000 1.000000
vn 0.000000 0.000000 1.000000
vn 0.000000 0.000000 1.000000
vn 0.000000 0.000000 1.000000
vn 0.000000 0.000000 1.000000
vn 0.000000 0.000000 1.000000
vn 0.000000 0.000000 1.000000
vn 0.000000 0.000000 1.000000
vn 0.000000 0.000000 1.000000
vn 0.000000 0.000000 1.000000
vn 0.000000 0.000000 1.000000
vn 0.000000 0.000000 1.000000
vn 0.000000 0.000000 1.000000
vn 0.000000 0.000000 1.000000
vn 0.000000 0.000000 1.000000
vn 0.000000 0.000000 1.000000
vn 0.000000 0.000000 1.000000
vn 0.000000 0.000000 1.000000
vn 0.000000 0.000000 1.000000
vn 0.000000 0.000000 1.000000
vn 0.000000 0.000000 1.000000
vn 0.000000 0.000000 1.000000
vn 0.000000 0.000000 1.000000
vn 0.000000 0.000000 1.000000
vn 0.000000 0.000000 1.000000
vn 0.000000 0.000000 1.000000
vn 0.000000 0.000000 1.000000
vn 0.000000 0.000000 1.000000
vn 0.000000 0.000000 1.000000
vn 0.000000 0.000000 1.000000
vn 0.000000 0.000000 1.000000
vn 0.000000 0.000000 1.000000
vn 0.000000 0.000000 1.000000
vn 0.000000 0.000000 1.000000
vn 0.000000 0.000000 1.000000
vn 0.000000 0.000000 1.000000
vn 0.000000 0.000000 1.000000
vn 0.000000 0.000000 1.000000
vn 0.000000 0.000000 1.000000
vn 0.000000 0.000000 1.000000
vn 0.000000 0.000000 1.000000
vn 0.000000 0.000000 1.000000
vn 0.000000 0.000000 1.000000
vn 0.000000 0.000000 1.000000
vn 0.000000 0.000000 1.000000
vn 0.000000 0.000000 1.000000
vn 0.000000 0.000000 1.000000
vn 0.000000 0.000000 1.000000
vn 0.000000 0.000000 1.000000
vn 0.000000 0.000000 1.000000
vn 0.000000 0.000000 1.000000
vn 0.000000 0.000000 1.000000
vn 0.000000 0.000000 1.000000
vn 0.000000 0.000000 1.000000
vn 0.000000 0.000000 1.000000
vn 0.000000 0.000000 1.000000
vn 0.000000 0.000000 1.000000
vn 0.000000 0.000000 1.000000
vn 0.000000 0.000000 1.000000
vn 0.000000 0.000000 1.000000
vn 0.000000 0.000000 1.000000
vn 0.000000 0.000000 1.000000
vn 0.000000 0.000000 1.000000
vn 0.000000 0.000000 1.000000
vn 0.000000 0.000000 1.000000
vn 0.000000 0.000000 1.000000
vn 0.000000 0.000000 1.000000
vn 0.000000 0.000000 1.000000
vn 0.000000 0.000000 1.000000
vn 0.000000 0.000000 1.000000
vn 0.000000 0.000000 1.000000
vn 0.000000 0.000000 1.000000
vn 0.000000 0.000000 1.000000
vn 0.000000 0.000000 1.000000
vn 0.000000 0.000000 1.000000
vn 0.000000 0.000000 1.000000
vn 0.000000 0.000000 1.000000
vn 0.000000 0.000000 1.000000
vn 0.000000 0.000000 1.000000
vn 0.000000 0.000000 1.000000
vn 0.000000 0.000000 1.000000
vn 0.000000 0.000000 1.000000
vn 0.000000 0.000000 1.000000
vn 0.000000 0.000000 1.000000
vn 0.000000 0.000000 1.000000
vn 0.000000 0.000000 1.000000
vn 0.000000 0.000000 1.000000
vn 0.000000 0.000000 1.000000
vn 0.000000 0.000000 1.000000
vn 0.000000 0.000000 1.000000
vn 0.000000 0.000000 1.000000
vn 0.000000 0.000000 1.000000
vn 0.000000 0.000000 1.000000
vn 0.000000 0.000000 1.000000
vn 0.000000 0.000000 1.000000
vn 0.000000 0.000000 1.000000
vn 0.000000 0.000000 1.000000
vn -0.999689 -0.024937 0.000000
vn -0.999689 -0.024937 0.000000
vn -0.997204 -0.074730 0.000000
vn -0.997204 -0.074730 0.000000
vn -0.992240 -0.124340 0.000000
vn -0.984807 -0.173651 0.000000
vn -0.992240 -0.124340 0.000000
vn -0.984807 -0.173651 0.000000
vn -0.974927 -0.222524 0.000000
vn -0.974927 -0.222524 0.000000
vn -0.962624 -0.270839 0.000000
vn -0.947928 -0.318484 0.000000
vn -0.962624 -0.270839 0.000000
vn -0.930872 -0.365345 0.000000
vn -0.947928 -0.318484 0.000000
vn -0.930872 -0.365345 0.000000
vn -0.911507 -0.411284 0.000000
vn -0.911507 -0.411284 0.000000
vn -0.889872 -0.456211 0.000000
vn -0.889872 -0.456211 0.000000
vn -0.866027 -0.499998 0.000000
vn -0.866027 -0.499998 0.000000
vn -0.840026 -0.542546 0.000000
vn -0.840026 -0.542546 0.000000
vn -0.811935 -0.583748 0.000000
vn -0.811935 -0.583748 0.000000
vn -0.781831 -0.623490 0.000000
vn -0.781831 -0.623490 0.000000
vn -0.749783 -0.661683 0.000000
vn -0.749783 -0.661683 0.000000
vn -0.715868 -0.698235 0.000000
vn -0.680172 -0.733053 0.000000
vn -0.715868 -0.698235 0.000000
vn -0.680172 -0.733053 0.000000
vn -0.642788 -0.766044 0.000000
vn -0.642788 -0.766044 0.000000
vn -0.603802 -0.797134 0.000000
vn -0.563321 -0.826238 0.000000
vn -0.603802 -0.797134 0.000000
vn -0.563321 -0.826238 0.000000
vn -0.521436 -0.853291 0.000000
vn -0.478252 -0.878223 0.000000
vn -0.521436 -0.853291 0.000000
vn -0.433889 -0.900966 0.000000
vn -0.478252 -0.878223 0.000000
vn -0.388432 -0.921478 0.000000
vn -0.433889 -0.900966 0.000000
vn -0.388432 -0.921478 0.000000
vn -0.342021 -0.939692 0.000000
vn -0.342021 -0.939692 0.000000
vn -0.294756 -0.955573 0.000000
vn -0.246759 -0.969077 0.000000
vn -0.294756 -0.955573 0.000000
vn -0.246759 -0.969077 0.000000
vn -0.198142 -0.980173 0.000000
vn -0.198142 -0.980173 0.000000
vn -0.149041 -0.988831 0.000000
vn -0.149041 -0.988831 0.000000
vn -0.099567 -0.995031 0.000000
vn -0.099567 -0.995031 0.000000
vn -0.049848 -0.998757 0.000000
vn 0.000000 -1.000000 0.000000
vn -0.049848 -0.998757 0.000000
vn 0.000000 -1.000000 0.000000
vn 0.049848 -0.998757 0.000000
vn 0.049848 -0.998757 0.000000
vn 0.099567 -0.995031 0.000000
vn 0.099567 -0.995031 0.000000
vn 0.149041 -0.988831 0.000000
vn 0.149041 -0.988831 0.000000
vn 0.198142 -0.980173 0.000000
vn 0.198142 -0.980173 0.000000
vn 0.246759 -0.969077 0.000000
vn 0.246759 -0.969077 0.000000
vn 0.294756 -0.955573 0.000000
vn 0.294756 -0.955573 0.000000
vn 0.342021 -0.939692 0.000000
vn 0.342021 -0.939692 0.000000
vn 0.388432 -0.921478 0.000000
vn 0.388432 -0.921478 0.000000
vn 0.433889 -0.900966 0.000000
vn 0.433889 -0.900966 0.000000
vn 0.478252 -0.878223 0.000000
vn 0.478252 -0.878223 0.000000
vn 0.521436 -0.853291 0.000000
vn 0.521436 -0.853291 0.000000
vn 0.563321 -0.826238 0.000000
vn 0.563321 -0.826238 0.000000
vn 0.603802 -0.797134 0.000000
vn 0.603802 -0.797134 0.000000
vn 0.642788 -0.766044 0.000000
vn 0.642788 -0.766044 0.000000
vn 0.680172 -0.733053 0.000000
vn 0.680172 -0.733053 0.000000
vn 0.715868 -0.698235 0.000000
vn 0.715868 -0.698235 0.000000
vn 0.749783 -0.661683 0.000000
vn 0.749783 -0.661683 0.000000
vn 0.781831 -0.623490 0.000000
vn 0.781831 -0.623490 0.000000
vn 0.811935 -0.583748 0.000000
vn 0.811935 -0.583748 0.000000
vn 0.840026 -0.542546 0.000000
vn 0.840026 -0.542546 0.000000
vn 0.866027 -0.499998 0.000000
vn 0.866027 -0.499998 0.000000
vn 0.889872 -0.456211 0.000000
vn 0.889872 -0.456211 0.000000
vn 0.911507 -0.411284 0.000000
vn 0.911507 -0.411284 0.000000
vn 0.930872 -0.365345 0.000000
vn 0.930872 -0.365345 0.000000
vn 0.947927 -0.318488 0.000000
vn 0.947927 -0.318488 0.000000
vn 0.962624 -0.270839 0.000000
vn 0.962624 -0.270839 0.000000
vn 0.974928 -0.222520 0.000000
vn 0.974928 -0.222520 0.000000
vn 0.984807 -0.173651 0.000000
vn 0.984807 -0.173651 0.000000
vn 0.992239 -0.124344 0.000000
vn 0.992239 -0.124344 0.000000
vn 0.997204 -0.074730 0.000000
vn 0.997204 -0.074730 0.000000
vn 0.999689 -0.024928 0.000000
vn 0.999689 -0.024928 0.000000
vn 0.999689 0.024928 0.000000
vn 0.999689 0.024928 -0.000000
vn 0.997204 0.074730 0.000000
vn 0.997204 0.074730 -0.000000
vn 0.992239 0.124344 0.000000
vn 0.992239 0.124344 -0.000000
vn 0.984807 0.173651 0.000000
vn 0.984807 0.173651 -0.000000
vn 0.974928 0.222520 0.000000
vn 0.974928 0.222520 -0.000000
vn 0.962624 0.270839 0.000000
vn 0.962624 0.270839 -0.000000
vn 0.947927 0.318488 0.000000
vn 0.947927 0.318488 -0.000000
vn 0.930872 0.365345 0.000000
vn 0.930872 0.365345 -0.000000
vn 0.911507 0.411284 0.000000
vn 0.911507 0.411284 -0.000000
vn 0.889872 0.456211 0.000000
vn 0.889872 0.456211 -0.000000
vn 0.866027 0.499998 0.000000
vn 0.866027 0.499998 -0.000000
vn 0.840026 0.542546 0.000000
vn 0.840026 0.542546 -0.000000
vn 0.811935 0.583748 0.000000
vn 0.811935 0.583748 -0.000000
vn 0.781831 0.623490 0.000000
vn 0.781831 0.623490 -0.000000
vn 0.749783 0.661683 0.000000
vn 0.749783 0.661683 -0.000000
vn 0.715868 0.698235 -0.000000
vn 0.715868 0.698235 -0.000000
vn 0.680172 0.733053 -0.000000
vn 0.680172 0.733053 -0.000000
vn 0.642788 0.766044 0.000000
vn 0.642788 0.766044 -0.000000
vn 0.603802 0.797134 -0.000000
vn 0.603802 0.797134 -0.000000
vn 0.563321 0.826238 -0.000000
vn 0.563321 0.826238 0.000000
vn 0.521436 0.853291 -0.000000
vn 0.478252 0.878223 -0.000000
vn 0.521436 0.853291 0.000000
vn 0.433889 0.900966 -0.000000
vn 0.478252 0.878223 -0.000000
vn 0.433889 0.900966 -0.000000
vn 0.388432 0.921478 -0.000000
vn 0.388432 0.921478 0.000000
vn 0.342021 0.939692 0.000000
vn 0.342021 0.939692 -0.000000
vn 0.294756 0.955573 0.000000
vn 0.294756 0.955573 -0.000000
vn 0.246755 0.969078 0.000000
vn 0.246755 0.969078 -0.000000
vn 0.198147 0.980172 0.000000
vn 0.198147 0.980172 -0.000000
vn 0.149045 0.988830 0.000000
vn 0.149045 0.988830 -0.000000
vn 0.099567 0.995031 0.000000
vn 0.099567 0.995031 -0.000000
vn 0.049843 0.998757 0.000000
vn 0.049843 0.998757 -0.000000
vn 0.000000 1.000000 0.000000
vn 0.000000 1.000000 -0.000000
vn -0.049843 0.998757 0.000000
vn -0.049843 0.998757 0.000000
vn -0.099567 0.995031 0.000000
vn -0.099567 0.995031 0.000000
vn -0.149045 0.988830 0.000000
vn -0.149045 0.988830 0.000000
vn -0.198147 0.980172 0.000000
vn -0.198147 0.980172 0.000000
vn -0.246755 0.969078 0.000000
vn -0.246755 0.969078 0.000000
vn -0.294756 0.955573 0.000000
vn -0.342021 0.939692 0.000000
vn -0.294756 0.955573 0.000000
vn -0.342021 0.939692 0.000000
vn -0.388432 0.921478 0.000000
vn -0.388432 0.921478 0.000000
vn -0.433889 0.900966 0.000000
vn -0.478252 0.878223 0.000000
vn -0.433889 0.900966 0.000000
vn -0.521436 0.853291 0.000000
vn -0.478252 0.878223 0.000000
vn -0.521436 0.853291 0.000000
vn -0.563321 0.826238 0.000000
vn -0.563321 0.826238 0.000000
vn -0.603802 0.797134 0.000000
vn -0.642788 0.766044 0.000000
vn -0.603802 0.797134 0.000000
vn -0.642788 0.766044 0.000000
vn -0.680172 0.733053 0.000000
vn -0.680172 0.733053 0.000000
vn -0.715868 0.698235 0.000000
vn -0.715868 0.698235 0.000000
vn -0.749783 0.661683 0.000000
vn -0.749783 0.661683 0.000000
vn -0.781831 0.623490 0.000000
vn -0.781831 0.623490 0.000000
vn -0.811935 0.583748 0.000000
vn -0.811935 0.583748 0.000000
vn -0.840026 0.542546 0.000000
vn -0.840026 0.542546 0.000000
vn -0.866027 0.499998 0.000000
vn -0.866027 0.499998 0.000000
vn -0.889872 0.456211 0.000000
vn -0.911507 0.411284 0.000000
vn -0.889872 0.456211 0.000000
vn -0.911507 0.411284 0.000000
vn -0.930872 0.365345 0.000000
vn -0.930872 0.365345 0.000000
vn -0.947928 0.318484 0.000000
vn -0.947928 0.318484 0.000000
vn -0.962624 0.270839 0.000000
vn -0.962624 0.270839 0.000000
vn -0.974927 0.222524 0.000000
vn -0.974927 0.222524 0.000000
vn -0.984807 0.173651 0.000000
vn -0.992240 0.124340 0.000000
vn -0.984807 0.173651 0.000000
vn -0.992240 0.124340 0.000000
vn -0.997204 0.074730 0.000000
vn -0.999689 0.024937 0.000000
vn -0.997204 0.074730 0.000000
vn -0.999689 0.024937 0.000000
vn 0.000000 0.000000 1.000000
vn 0.000000 0.000000 1.000000
vn 0.000000 0.000000 1.000000
vn 0.000000 0.000000 1.000000
vn 0.000000 0.000000 1.000000
vn 0.000000 0.000000 1.000000
vn 0.000000 0.000000 1.000000
vn 0.000000 0.000000 1.000000
vn 0.000000 0.000000 1.000000
vn 0.000000 0.000000 1.000000
vn 0.000000 0.000000 1.000000
vn 0.000000 0.000000 1.000000
vn 0.000000 0.000000 1.000000
vn 0.000000 0.000000 1.000000
vn 0.000000 0.000000 1.000000
vn 0.000000 0.000000 1.000000
vn 0.000000 0.000000 1.000000
vn 0.000000 0.000000 1.000000
vn 0.000000 0.000000 1.000000
vn 0.000000 0.000000 1.000000
vn 0.000000 0.000000 1.000000
vn 0.000000 0.000000 1.000000
vn 0.000000 0.000000 1.000000
vn 0.000000 0.000000 1.000000
vn 0.000000 0.000000 1.000000
vn 0.000000 0.000000 1.000000
vn 0.000000 0.000000 1.000000
vn 0.000000 0.000000 1.000000
vn 0.000000 0.000000 1.000000
vn 0.000000 0.000000 1.000000
vn 0.000000 0.000000 1.000000
vn 0.000000 0.000000 1.000000
vn 0.000000 0.000000 1.000000
vn 0.000000 0.000000 1.000000
vn 0.000000 0.000000 1.000000
vn 0.000000 0.000000 1.000000
vn 0.000000 0.000000 1.000000
vn 0.000000 0.000000 1.000000
vn 0.000000 0.000000 1.000000
vn 0.000000 0.000000 1.000000
vn 0.000000 0.000000 1.000000
vn 0.000000 0.000000 1.000000
vn 0.000000 0.000000 1.000000
vn 0.000000 0.000000 1.000000
vn 0.000000 0.000000 1.000000
vn 0.000000 0.000000 1.000000
vn 0.000000 0.000000 1.000000
vn 0.000000 0.000000 1.000000
vn 0.000000 0.000000 1.000000
vn 0.000000 0.000000 1.000000
vn 0.000000 0.000000 1.000000
vn 0.000000 0.000000 1.000000
vn 0.000000 0.000000 1.000000
vn 0.000000 0.000000 1.000000
vn 0.000000 0.000000 1.000000
vn 0.000000 0.000000 1.000000
vn 0.000000 0.000000 1.000000
vn 0.000000 0.000000 1.000000
vn 0.000000 0.000000 1.000000
vn 0.000000 0.000000 1.000000
vn 0.000000 0.000000 1.000000
vn 0.000000 0.000000 1.000000
vn 0.000000 0.000000 1.000000
vn 0.000000 0.000000 1.000000
vn 0.000000 0.000000 1.000000
vn 0.000000 0.000000 1.000000
vn 0.000000 0.000000 1.000000
vn 0.000000 0.000000 1.000000
vn 0.000000 0.000000 1.000000
vn 0.000000 0.000000 1.000000
vn 0.000000 0.000000 1.000000
vn 0.000000 0.000000 1.000000
vn 0.000000 0.000000 1.000000
vn 0.000000 0.000000 1.000000
vn 0.000000 0.000000 1.000000
vn 0.000000 0.000000 1.000000
vn 0.000000 0.000000 1.000000
vn 0.000000 0.000000 1.000000
vn 0.000000 0.000000 1.000000
vn 0.000000 0.000000 1.000000
vn 0.000000 0.000000 1.000000
vn 0.000000 0.000000 1.000000
vn 0.000000 0.000000 1.000000
vn 0.000000 0.000000 1.000000
vn 0.000000 0.000000 1.000000
vn 0.000000 0.000000 1.000000
vn 0.000000 0.000000 1.000000
vn 0.000000 0.000000 1.000000
vn 0.000000 0.000000 1.000000
vn 0.000000 0.000000 1.000000
vn 0.000000 0.000000 1.000000
vn 0.000000 0.000000 1.000000
vn 0.000000 0.000000 1.000000
vn 0.000000 0.000000 1.000000
vn 0.000000 0.000000 1.000000
vn 0.000000 0.000000 1.000000
vn 0.000000 0.000000 1.000000
vn 0.000000 0.000000 1.000000
vn 0.000000 0.000000 1.000000
vn 0.000000 0.000000 1.000000
vn 0.000000 0.000000 1.000000
vn 0.000000 0.000000 1.000000
vn 0.000000 0.000000 1.000000
vn 0.000000 0.000000 1.000000
vn 0.000000 0.000000 1.000000
vn 0.000000 0.000000 1.000000
vn 0.000000 0.000000 1.000000
vn 0.000000 0.000000 1.000000
vn 0.000000 0.000000 1.000000
vn 0.000000 0.000000 1.000000
vn 0.000000 0.000000 1.000000
vn 0.000000 0.000000 1.000000
vn 0.000000 0.000000 1.000000
vn 0.000000 0.000000 1.000000
vn 0.000000 0.000000 1.000000
vn 0.000000 0.000000 1.000000
vn 0.000000 0.000000 1.000000
vn 0.000000 0.000000 1.000000
vn 0.000000 0.000000 1.000000
vn 0.000000 0.000000 1.000000
vn 0.000000 0.000000 1.000000
vn 0.000000 0.000000 1.000000
vn 0.000000 0.000000 1.000000
vn 0.000000 0.000000 1.000000
vn 1.000000 0.000000 0.000000
vn 1.000000 -0.000000 0.000000
vn -1.000000 0.000000 0.000000
vn -1.000000 -0.000000 0.000000
vn -0.999689 -0.024919 0.000000
vn -0.999689 -0.024919 0.000000
vn -0.997202 -0.074757 0.000000
vn -0.997202 -0.074757 0.000000
vn -0.992226 -0.124447 0.000000
vn -0.984823 -0.173561 0.000000
vn -0.992226 -0.124447 0.000000
vn -0.984823 -0.173561 0.000000
vn -0.974926 -0.222528 0.000000
vn -0.974926 -0.222528 0.000000
vn -0.962611 -0.270889 0.000000
vn -0.947952 -0.318413 0.000000
vn -0.962611 -0.270889 0.000000
vn -0.930879 -0.365328 0.000000
vn -0.947952 -0.318413 0.000000
vn -0.930879 -0.365328 0.000000
vn -0.911471 -0.411364 0.000000
vn -0.911471 -0.411364 0.000000
vn -0.889893 -0.456169 0.000000
vn -0.889893 -0.456169 0.000000
vn -0.866038 -0.499979 0.000000
vn -0.866038 -0.499979 0.000000
vn -0.840012 -0.542568 0.000000
vn -0.840012 -0.542568 0.000000
vn -0.811938 -0.583744 0.000000
vn -0.811938 -0.583744 0.000000
vn -0.781792 -0.623539 0.000000
vn -0.781792 -0.623539 0.000000
vn -0.749817 -0.661646 0.000000
vn -0.749817 -0.661646 0.000000
vn -0.715867 -0.698236 0.000000
vn -0.680160 -0.733063 0.000000
vn -0.715867 -0.698236 0.000000
vn -0.680160 -0.733063 0.000000
vn -0.642775 -0.766055 0.000000
vn -0.642775 -0.766055 0.000000
vn -0.603771 -0.797158 0.000000
vn -0.563346 -0.826221 0.000000
vn -0.603771 -0.797158 0.000000
vn -0.563346 -0.826221 0.000000
vn -0.521444 -0.853285 0.000000
vn -0.478239 -0.878229 0.000000
vn -0.521444 -0.853285 0.000000
vn -0.433991 -0.900917 0.000000
vn -0.478239 -0.878229 0.000000
vn -0.388337 -0.921517 0.000000
vn -0.433991 -0.900917 0.000000
vn -0.388337 -0.921517 0.000000
vn -0.342036 -0.939687 0.000000
vn -0.342036 -0.939687 0.000000
vn -0.294813 -0.955555 0.000000
vn -0.246717 -0.969088 0.000000
vn -0.294813 -0.955555 0.000000
vn -0.246717 -0.969088 0.000000
vn -0.198161 -0.980170 0.000000
vn -0.198161 -0.980170 0.000000
vn -0.149089 -0.988824 0.000000
vn -0.149089 -0.988824 0.000000
vn -0.099533 -0.995034 0.000000
vn -0.099533 -0.995034 0.000000
vn -0.049836 -0.998757 0.000000
vn 0.000000 -1.000000 0.000000
vn -0.049836 -0.998757 0.000000
vn 0.000000 -1.000000 0.000000
vn 0.049836 -0.998757 0.000000
vn 0.049836 -0.998757 0.000000
vn 0.099533 -0.995034 0.000000
vn 0.099533 -0.995034 0.000000
vn 0.149089 -0.988824 0.000000
vn 0.149089 -0.988824 0.000000
vn 0.198161 -0.980170 0.000000
vn 0.198161 -0.980170 0.000000
vn 0.246717 -0.969088 0.000000
vn 0.246717 -0.969088 0.000000
vn 0.294813 -0.955555 0.000000
vn 0.294813 -0.955555 0.000000
vn 0.342036 -0.939687 0.000000
vn 0.342036 -0.939687 0.000000
vn 0.388337 -0.921517 0.000000
vn 0.388337 -0.921517 0.000000
vn 0.433991 -0.900917 0.000000
vn 0.433991 -0.900917 0.000000
vn 0.478239 -0.878229 0.000000
vn 0.478239 -0.878229 0.000000
vn 0.521444 -0.853285 0.000000
vn 0.521444 -0.853285 0.000000
vn 0.563346 -0.826221 0.000000
vn 0.563346 -0.826221 0.000000
vn 0.603771 -0.797158 0.000000
vn 0.603771 -0.797158 0.000000
vn 0.642775 -0.766055 0.000000
vn 0.642775 -0.766055 0.000000
vn 0.680160 -0.733063 0.000000
vn 0.680160 -0.733063 0.000000
vn 0.715867 -0.698236 0.000000
vn 0.715867 -0.698236 0.000000
vn 0.749817 -0.661646 0.000000
vn 0.749817 -0.661646 0.000000
vn 0.781792 -0.623539 0.000000
vn 0.781792 -0.623539 0.000000
vn 0.811938 -0.583744 0.000000
vn 0.811938 -0.583744 0.000000
vn 0.840012 -0.542568 0.000000
vn 0.840012 -0.542568 0.000000
vn 0.866038 -0.499979 0.000000
vn 0.866038 -0.499979 0.000000
vn 0.889893 -0.456169 0.000000
vn 0.889893 -0.456169 0.000000
vn 0.911471 -0.411364 0.000000
vn 0.911471 -0.411364 0.000000
vn 0.930879 -0.365328 0.000000
vn 0.930879 -0.365328 0.000000
vn 0.947952 -0.318413 0.000000
vn 0.947952 -0.318413 0.000000
vn 0.962611 -0.270889 0.000000
vn 0.962611 -0.270889 0.000000
vn 0.974926 -0.222528 0.000000
vn 0.974926 -0.222528 0.000000
vn 0.984823 -0.173561 0.000000
vn 0.984823 -0.173561 0.000000
vn 0.992226 -0.124447 0.000000
vn 0.992226 -0.124447 0.000000
vn 0.997202 -0.074757 0.000000
vn 0.997202 -0.074757 0.000000
vn 0.999689 -0.024919 0.000000
vn 0.999689 -0.024919 0.000000
vn 0.999689 0.024919 0.000000
vn 0.999689 0.024919 -0.000000
vn 0.997202 0.074757 0.000000
vn 0.997202 0.074757 -0.000000
vn 0.992226 0.124447 0.000000
vn 0.992226 0.124447 -0.000000
vn 0.984823 0.173561 0.000000
vn 0.984823 0.173561 -0.000000
vn 0.974926 0.222528 0.000000
vn 0.974926 0.222528 -0.000000
vn 0.962611 0.270889 0.000000
vn 0.962611 0.270889 -0.000000
vn 0.947952 0.318413 0.000000
vn 0.947952 0.318413 -0.000000
vn 0.930879 0.365328 0.000000
vn 0.930879 0.365328 -0.000000
vn 0.911471 0.411364 0.000000
vn 0.911471 0.411364 -0.000000
vn 0.889893 0.456169 0.000000
vn 0.889893 0.456169 -0.000000
vn 0.866038 0.499979 0.000000
vn 0.866038 0.499979 -0.000000
vn 0.840012 0.542568 0.000000
vn 0.840012 0.542568 -0.000000
vn 0.811938 0.583744 0.000000
vn 0.811938 0.583744 -0.000000
vn 0.781792 0.623539 0.000000
vn 0.781792 0.623539 -0.000000
vn 0.749817 0.661646 0.000000
vn 0.749817 0.661646 -0.000000
vn 0.715867 0.698236 -0.000000
vn 0.715867 0.698236 -0.000000
vn 0.680160 0.733063 -0.000000
vn 0.680160 0.733063 -0.000000
vn 0.642775 0.766055 0.000000
vn 0.642775 0.766055 -0.000000
vn 0.603771 0.797158 -0.000000
vn 0.603771 0.797158 -0.000000
vn 0.563346 0.826221 -0.000000
vn 0.563346 0.826221 0.000000
vn 0.521444 0.853285 -0.000000
vn 0.478239 0.878229 -0.000000
vn 0.521444 0.853285 0.000000
vn 0.433991 0.900917 -0.000000
vn 0.478239 0.878229 -0.000000
vn 0.433991 0.900917 -0.000000
vn 0.388337 0.921517 -0.000000
vn 0.388337 0.921517 0.000000
vn 0.342036 0.939687 0.000000
vn 0.342036 0.939687 -0.000000
vn 0.294813 0.955555 0.000000
vn 0.294813 0.955555 -0.000000
vn 0.246717 0.969088 0.000000
vn 0.246717 0.969088 -0.000000
vn 0.198161 0.980170 0.000000
vn 0.198161 0.980170 -0.000000
vn 0.149089 0.988824 0.000000
vn 0.149089 0.988824 -0.000000
vn 0.099533 0.995034 0.000000
vn 0.099533 0.995034 -0.000000
vn 0.049836 0.998757 0.000000
vn 0.049836 0.998757 -0.000000
vn 0.000000 1.000000 0.000000
vn 0.000000 1.000000 -0.000000
vn -0.049836 0.998757 0.000000
vn -0.049836 0.998757 0.000000
vn -0.099533 0.995034 0.000000
vn -0.099533 0.995034 0.000000
vn -0.149089 0.988824 0.000000
vn -0.149089 0.988824 0.000000
vn -0.198161 0.980170 0.000000
vn -0.198161 0.980170 0.000000
vn -0.246717 0.969088 0.000000
vn -0.246717 0.969088 0.000000
vn -0.294813 0.955555 0.000000
vn -0.342036 0.939687 0.000000
vn -0.294813 0.955555 0.000000
vn -0.342036 0.939687 0.000000
vn -0.388337 0.921517 0.000000
vn -0.388337 0.921517 0.000000
vn -0.433991 0.900917 0.000000
vn -0.478239 0.878229 0.000000
vn -0.433991 0.900917 0.000000
vn -0.521444 0.853285 0.000000
vn -0.478239 0.878229 0.000000
vn -0.521444 0.853285 0.000000
vn -0.563346 0.826221 0.000000
vn -0.563346 0.826221 0.000000
vn -0.603771 0.797158 0.000000
vn -0.642775 0.766055 0.000000
vn -0.603771 0.797158 0.000000
vn -0.642775 0.766055 0.000000
vn -0.680160 0.733063 0.000000
vn -0.680160 0.733063 0.000000
vn -0.715867 0.698236 0.000000
vn -0.715867 0.698236 0.000000
vn -0.749817 0.661646 0.000000
vn -0.749817 0.661646 0.000000
vn -0.781792 0.623539 0.000000
vn -0.781792 0.623539 0.000000
vn -0.811938 0.583744 0.000000
vn -0.811938 0.583744 0.000000
vn -0.840012 0.542568 0.000000
vn -0.840012 0.542568 0.000000
vn -0.866038 0.499979 0.000000
vn -0.866038 0.499979 0.000000
vn -0.889893 0.456169 0.000000
vn -0.911471 0.411364 0.000000
vn -0.889893 0.456169 0.000000
vn -0.911471 0.411364 0.000000
vn -0.930879 0.365328 0.000000
vn -0.930879 0.365328 0.000000
vn -0.947952 0.318413 0.000000
vn -0.947952 0.318413 0.000000
vn -0.962611 0.270889 0.000000
vn -0.962611 0.270889 0.000000
vn -0.974926 0.222528 0.000000
vn -0.974926 0.222528 0.000000
vn -0.984823 0.173561 0.000000
vn -0.992226 0.124447 0.000000
vn -0.984823 0.173561 0.000000
vn -0.992226 0.124447 0.000000
vn -0.997202 0.074757 0.000000
vn -0.999689 0.024919 0.000000
vn -0.997202 0.074757 0.000000
vn -0.999689 0.024919 0.000000
vn -0.999689 -0.024938 0.000000
vn -0.999689 -0.024938 0.000000
vn -0.997204 -0.074730 0.000000
vn -0.997204 -0.074730 0.000000
vn -0.992240 -0.124340 0.000000
vn -0.984808 -0.173649 0.000000
vn -0.992240 -0.124340 0.000000
vn -0.984808 -0.173649 0.000000
vn -0.974926 -0.222528 0.000000
vn -0.974926 -0.222528 0.000000
vn -0.962627 -0.270830 0.000000
vn -0.947930 -0.318478 0.000000
vn -0.962627 -0.270830 0.000000
vn -0.930876 -0.365336 0.000000
vn -0.947930 -0.318478 0.000000
vn -0.930876 -0.365336 0.000000
vn -0.911509 -0.411281 0.000000
vn -0.911509 -0.411281 0.000000
vn -0.889856 -0.456241 0.000000
vn -0.889856 -0.456241 0.000000
vn -0.866034 -0.499986 0.000000
vn -0.866034 -0.499986 0.000000
vn -0.840008 -0.542575 0.000000
vn -0.840008 -0.542575 0.000000
vn -0.811951 -0.583726 0.000000
vn -0.811951 -0.583726 0.000000
vn -0.781828 -0.623495 0.000000
vn -0.781828 -0.623495 0.000000
vn -0.749771 -0.661697 0.000000
vn -0.749771 -0.661697 0.000000
vn -0.715908 -0.698194 0.000000
vn -0.680138 -0.733084 0.000000
vn -0.715908 -0.698194 0.000000
vn -0.680138 -0.733084 0.000000
vn -0.642793 -0.766040 0.000000
vn -0.642793 -0.766040 0.000000
vn -0.603762 -0.797165 0.000000
vn -0.563359 -0.826212 0.000000
vn -0.603762 -0.797165 0.000000
vn -0.563359 -0.826212 0.000000
vn -0.521416 -0.853303 0.000000
vn -0.478266 -0.878215 0.000000
vn -0.521416 -0.853303 0.000000
vn -0.433955 -0.900934 0.000000
vn -0.478266 -0.878215 0.000000
vn -0.388370 -0.921504 0.000000
vn -0.433955 -0.900934 0.000000
vn -0.388370 -0.921504 0.000000
vn -0.342021 -0.939692 0.000000
vn -0.342021 -0.939692 0.000000
vn -0.294797 -0.955560 0.000000
vn -0.246717 -0.969088 0.000000
vn -0.294797 -0.955560 0.000000
vn -0.246717 -0.969088 0.000000
vn -0.198186 -0.980164 0.000000
vn -0.198186 -0.980164 0.000000
vn -0.149077 -0.988826 0.000000
vn -0.149077 -0.988826 0.000000
vn -0.099531 -0.995035 0.000000
vn -0.099531 -0.995035 0.000000
vn -0.049839 -0.998757 0.000000
vn 0.000000 -1.000000 0.000000
vn -0.049839 -0.998757 0.000000
vn 0.000000 -1.000000 0.000000
vn 0.049839 -0.998757 0.000000
vn 0.049839 -0.998757 0.000000
vn 0.099531 -0.995035 0.000000
vn 0.099531 -0.995035 0.000000
vn 0.149077 -0.988826 0.000000
vn 0.149077 -0.988826 0.000000
vn 0.198186 -0.980164 0.000000
vn 0.198186 -0.980164 0.000000
vn 0.246717 -0.969088 0.000000
vn 0.246717 -0.969088 0.000000
vn 0.294797 -0.955560 0.000000
vn 0.294797 -0.955560 0.000000
vn 0.342021 -0.939692 0.000000
vn 0.342021 -0.939692 0.000000
vn 0.388370 -0.921504 0.000000
vn 0.388370 -0.921504 0.000000
vn 0.433955 -0.900934 0.000000
vn 0.433955 -0.900934 0.000000
vn 0.478266 -0.878215 0.000000
vn 0.478266 -0.878215 0.000000
vn 0.521416 -0.853303 0.000000
vn 0.521416 -0.853303 0.000000
vn 0.563359 -0.826212 0.000000
vn 0.563359 -0.826212 0.000000
vn 0.603762 -0.797165 0.000000
vn 0.603762 -0.797165 0.000000
vn 0.642793 -0.766040 0.000000
vn 0.642793 -0.766040 0.000000
vn 0.680138 -0.733084 0.000000
vn 0.680138 -0.733084 0.000000
vn 0.715908 -0.698194 0.000000
vn 0.715908 -0.698194 0.000000
vn 0.749771 -0.661697 0.000000
vn 0.749771 -0.661697 0.000000
vn 0.781828 -0.623495 0.000000
vn 0.781828 -0.623495 0.000000
vn 0.811951 -0.583726 0.000000
vn 0.811951 -0.583726 0.000000
vn 0.840008 -0.542575 0.000000
vn 0.840008 -0.542575 0.000000
vn 0.866034 -0.499986 0.000000
vn 0.866034 -0.499986 0.000000
vn 0.889856 -0.456241 0.000000
vn 0.889856 -0.456241 0.000000
vn 0.911509 -0.411281 0.000000
vn 0.911509 -0.411281 0.000000
vn 0.930876 -0.365336 0.000000
vn 0.930876 -0.365336 0.000000
vn 0.947929 -0.318482 0.000000
vn 0.947929 -0.318482 0.000000
vn 0.962627 -0.270830 0.000000
vn 0.962627 -0.270830 0.000000
vn 0.974927 -0.222524 0.000000
vn 0.974927 -0.222524 0.000000
vn 0.984808 -0.173649 0.000000
vn 0.984808 -0.173649 0.000000
vn 0.992239 -0.124344 0.000000
vn 0.992239 -0.124344 0.000000
vn 0.997204 -0.074730 0.000000
vn 0.997204 -0.074730 0.000000
vn 0.999689 -0.024928 0.000000
vn 0.999689 -0.024928 0.000000
vn 0.999689 0.024928 0.000000
vn 0.999689 0.024928 -0.000000
vn 0.997204 0.074730 0.000000
vn 0.997204 0.074730 -0.000000
vn 0.992239 0.124344 0.000000
vn 0.992239 0.124344 -0.000000
vn 0.984808 0.173649 0.000000
vn 0.984808 0.173649 -0.000000
vn 0.974927 0.222524 0.000000
vn 0.974927 0.222524 -0.000000
vn 0.962627 0.270830 0.000000
vn 0.962627 0.270830 -0.000000
vn 0.947929 0.318482 0.000000
vn 0.947929 0.318482 -0.000000
vn 0.930876 0.365336 0.000000
vn 0.930876 0.365336 -0.000000
vn 0.911509 0.411281 0.000000
vn 0.911509 0.411281 -0.000000
vn 0.889856 0.456241 0.000000
vn 0.889856 0.456241 -0.000000
vn 0.866034 0.499986 0.000000
vn 0.866034 0.499986 -0.000000
vn 0.840008 0.542575 0.000000
vn 0.840008 0.542575 -0.000000
vn 0.811951 0.583726 0.000000
vn 0.811951 0.583726 -0.000000
vn 0.781828 0.623495 0.000000
vn 0.781828 0.623495 -0.000000
vn 0.749771 0.661697 0.000000
vn 0.749771 0.661697 -0.000000
vn 0.715908 0.698194 -0.000000
vn 0.715908 0.698194 -0.000000
vn 0.680138 0.733084 -0.000000
vn 0.680138 0.733084 -0.000000
vn 0.642793 0.766040 0.000000
vn 0.642793 0.766040 -0.000000
vn 0.603762 0.797165 -0.000000
vn 0.603762 0.797165 -0.000000
vn 0.563359 0.826212 -0.000000
vn 0.563359 0.826212 0.000000
vn 0.521416 0.853303 -0.000000
vn 0.478266 0.878215 -0.000000
vn 0.521416 0.853303 0.000000
vn 0.433955 0.900934 -0.000000
vn 0.478266 0.878215 -0.000000
vn 0.433955 0.900934 -0.000000
vn 0.388370 0.921504 -0.000000
vn 0.388370 0.921504 0.000000
vn 0.342021 0.939692 0.000000
vn 0.342021 0.939692 -0.000000
vn 0.294797 0.955560 0.000000
vn 0.294797 0.955560 -0.000000
vn 0.246717 0.969088 0.000000
vn 0.246717 0.969088 -0.000000
vn 0.198186 0.980164 0.000000
vn 0.198186 0.980164 -0.000000
vn 0.149077 0.988826 0.000000
vn 0.149077 0.988826 -0.000000
vn 0.099531 0.995035 0.000000
vn 0.099531 0.995035 -0.000000
vn 0.049839 0.998757 0.000000
vn 0.049839 0.998757 -0.000000
vn 0.000000 1.000000 0.000000
vn 0.000000 1.000000 -0.000000
vn -0.049839 0.998757 0.000000
vn -0.049839 0.998757 0.000000
vn -0.099531 0.995035 0.000000
vn -0.099531 0.995035 0.000000
vn -0.149077 0.988826 0.000000
vn -0.149077 0.988826 0.000000
vn -0.198186 0.980164 0.000000
vn -0.198186 0.980164 0.000000
vn -0.246717 0.969088 0.000000
vn -0.246717 0.969088 0.000000
vn -0.294797 0.955560 0.000000
vn -0.342021 0.939692 0.000000
vn -0.294797 0.955560 0.000000
vn -0.342021 0.939692 0.000000
vn -0.388370 0.921504 0.000000
vn -0.388370 0.921504 0.000000
vn -0.433955 0.900934 0.000000
vn -0.478266 0.878215 0.000000
vn -0.433955 0.900934 0.000000
vn -0.521416 0.853303 0.000000
vn -0.478266 0.878215 0.000000
vn -0.521416 0.853303 0.000000
vn -0.563359 0.826212 0.000000
vn -0.563359 0.826212 0.000000
vn -0.603762 0.797165 0.000000
vn -0.642793 0.766040 0.000000
vn -0.603762 0.797165 0.000000
vn -0.642793 0.766040 0.000000
vn -0.680138 0.733084 0.000000
vn -0.680138 0.733084 0.000000
vn -0.715908 0.698194 0.000000
vn -0.715908 0.698194 0.000000
vn -0.749771 0.661697 0.000000
vn -0.749771 0.661697 0.000000
vn -0.781828 0.623495 0.000000
vn -0.781828 0.623495 0.000000
vn -0.811951 0.583726 0.000000
vn -0.811951 0.583726 0.000000
vn -0.840008 0.542575 0.000000
vn -0.840008 0.542575 0.000000
vn -0.866034 0.499986 0.000000
vn -0.866034 0.499986 0.000000
vn -0.889856 0.456241 0.000000
vn -0.911509 0.411281 0.000000
vn -0.889856 0.456241 0.000000
vn -0.911509 0.411281 0.000000
vn -0.930876 0.365336 0.000000
vn -0.930876 0.365336 0.000000
vn -0.947930 0.318478 0.000000
vn -0.947930 0.318478 0.000000
vn -0.962627 0.270830 0.000000
vn -0.962627 0.270830 0.000000
vn -0.974926 0.222528 0.000000
vn -0.974926 0.222528 0.000000
vn -0.984808 0.173649 0.000000
vn -0.992240 0.124340 0.000000
vn -0.984808 0.173649 0.000000
vn -0.992240 0.124340 0.000000
vn -0.997204 0.074730 0.000000
vn -0.999689 0.024938 0.000000
vn -0.997204 0.074730 0.000000
vn -0.999689 0.024938 0.000000
vn 0.000000 0.000000 1.000000
vn 0.000000 0.000000 1.000000
vn 0.000000 0.000000 1.000000
vn 0.000000 0.000000 1.000000
vn 0.000000 0.000000 1.000000
vn 0.000000 0.000000 1.000000
vn 0.000000 0.000000 1.000000
vn 0.000000 0.000000 1.000000
vn 0.000000 0.000000 1.000000
vn 0.000000 0.000000 1.000000
vn 0.000000 0.000000 1.000000
vn 0.000000 0.000000 1.000000
vn 0.000000 0.000000 1.000000
vn 0.000000 0.000000 1.000000
vn 0.000000 0.000000 1.000000
vn 0.000000 0.000000 1.000000
vn 0.000000 0.000000 1.000000
vn 0.000000 0.000000 1.000000
vn 0.000000 0.000000 1.000000
vn 0.000000 0.000000 1.000000
vn 0.000000 0.000000 1.000000
vn 0.000000 0.000000 1.000000
vn 0.000000 0.000000 1.000000
vn 0.000000 0.000000 1.000000
vn 0.000000 0.000000 1.000000
vn 0.000000 0.000000 1.000000
vn 0.000000 0.000000 1.000000
vn 0.000000 0.000000 1.000000
vn 0.000000 0.000000 1.000000
vn 0.000000 0.000000 1.000000
vn 0.000000 0.000000 1.000000
vn 0.000000 0.000000 1.000000
vn 0.000000 0.000000 1.000000
vn 0.000000 0.000000 1.000000
vn 0.000000 0.000000 1.000000
vn 0.000000 0.000000 1.000000
vn 0.000000 0.000000 1.000000
vn 0.000000 0.000000 1.000000
vn 0.000000 0.000000 1.000000
vn 0.000000 0.000000 1.000000
vn 0.000000 0.000000 1.000000
vn 0.000000 0.000000 1.000000
vn 0.000000 0.000000 1.000000
vn 0.000000 0.000000 1.000000
vn 0.000000 0.000000 1.000000
vn 0.000000 0.000000 1.000000
vn 0.000000 0.000000 1.000000
vn 0.000000 0.000000 1.000000
vn 0.000000 0.000000 1.000000
vn 0.000000 0.000000 1.000000
vn 0.000000 0.000000 1.000000
vn 0.000000 0.000000 1.000000
vn 0.000000 0.000000 1.000000
vn 0.000000 0.000000 1.000000
vn 0.000000 0.000000 1.000000
vn 0.000000 0.000000 1.000000
vn 0.000000 0.000000 1.000000
vn 0.000000 0.000000 1.000000
vn 0.000000 0.000000 1.000000
vn 0.000000 0.000000 1.000000
vn 0.000000 0.000000 1.000000
vn 0.000000 0.000000 1.000000
vn 0.000000 0.000000 1.000000
vn 0.000000 0.000000 1.000000
vn 0.000000 0.000000 1.000000
vn 0.000000 0.000000 1.000000
vn 0.000000 0.000000 1.000000
vn 0.000000 0.000000 1.000000
vn 0.000000 0.000000 1.000000
vn 0.000000 0.000000 1.000000
vn 0.000000 0.000000 1.000000
vn 0.000000 0.000000 1.000000
vn 0.000000 0.000000 1.000000
vn 0.000000 0.000000 1.000000
vn 0.000000 0.000000 1.000000
vn 0.000000 0.000000 1.000000
vn 0.000000 0.000000 1.000000
vn 0.000000 0.000000 1.000000
vn 0.000000 0.000000 1.000000
vn 0.000000 0.000000 1.000000
vn 0.000000 0.000000 1.000000
vn 0.000000 0.000000 1.000000
vn 0.000000 0.000000 1.000000
vn 0.000000 0.000000 1.000000
vn 0.000000 0.000000 1.000000
vn 0.000000 0.000000 1.000000
vn 0.000000 0.000000 1.000000
vn 0.000000 0.000000 1.000000
vn 0.000000 0.000000 1.000000
vn 0.000000 0.000000 1.000000
vn 0.000000 0.000000 1.000000
vn 0.000000 0.000000 1.000000
vn 0.000000 0.000000 1.000000
vn 0.000000 0.000000 1.000000
vn 0.000000 0.000000 1.000000
vn 0.000000 0.000000 1.000000
vn 0.000000 0.000000 1.000000
vn 0.000000 0.000000 1.000000
vn 0.000000 0.000000 1.000000
vn 0.000000 0.000000 1.000000
vn 0.000000 0.000000 1.000000
vn 0.000000 0.000000 1.000000
vn 0.000000 0.000000 1.000000
vn 0.000000 0.000000 1.000000
vn 0.000000 0.000000 1.000000
vn 0.000000 0.000000 1.000000
vn 0.000000 0.000000 1.000000
vn 0.000000 0.000000 1.000000
vn 0.000000 0.000000 1.000000
vn 0.000000 0.000000 1.000000
vn 0.000000 0.000000 1.000000
vn 0.000000 0.000000 1.000000
vn 0.000000 0.000000 1.000000
vn 0.000000 0.000000 1.000000
vn 0.000000 0.000000 1.000000
vn 0.000000 0.000000 1.000000
vn 0.000000 0.000000 1.000000
vn 0.000000 0.000000 1.000000
vn 0.000000 0.000000 1.000000
vn 0.000000 0.000000 1.000000
vn 0.000000 0.000000 1.000000
vn 0.000000 0.000000 1.000000
vn 0.000000 0.000000 1.000000
vn 0.000000 0.000000 1.000000
vn 0.000000 0.000000 1.000000
vn 0.000000 0.000000 1.000000
vn 0.000000 0.000000 1.000000
vn 0.000000 0.000000 1.000000
vn 0.000000 0.000000 1.000000
vn 0.000000 0.000000 1.000000
vn 0.000000 0.000000 1.000000
vn 0.000000 0.000000 1.000000
vn 0.000000 0.000000 1.000000
vn 0.000000 0.000000 1.000000
vn 0.000000 0.000000 1.000000
vn 0.000000 0.000000 1.000000
vn 0.000000 0.000000 1.000000
vn 0.000000 0.000000 1.000000
vn 0.000000 0.000000 1.000000
vn 0.000000 0.000000 1.000000
vn 0.000000 0.000000 1.000000
vn 0.000000 0.000000 1.000000
vn 0.000000 0.000000 1.000000
vn 0.000000 0.000000 1.000000
vn 0.000000 0.000000 1.000000
vn 0.000000 0.000000 1.000000
vn 0.000000 0.000000 1.000000
vn 0.000000 0.000000 1.000000
vn 0.000000 0.000000 1.000000
vn 0.000000 0.000000 1.000000
vn 0.000000 0.000000 1.000000
vn 0.000000 0.000000 1.000000
vn 0.000000 0.000000 1.000000
vn 0.000000 0.000000 1.000000
vn 0.000000 0.000000 1.000000
vn 0.000000 0.000000 1.000000
vn 0.000000 0.000000 1.000000
vn 0.000000 0.000000 1.000000
vn 0.000000 0.000000 1.000000
vn 0.000000 0.000000 1.000000
vn 0.000000 0.000000 1.000000
vn 0.000000 0.000000 1.000000
vn 0.000000 0.000000 1.000000
vn 0.000000 0.000000 1.000000
vn 0.000000 0.000000 1.000000
vn 0.000000 0.000000 1.000000
vn 0.000000 0.000000 1.000000
vn 0.000000 0.000000 1.000000
vn 0.000000 0.000000 1.000000
vn 0.000000 0.000000 1.000000
vn 0.000000 0.000000 1.000000
vn 0.000000 0.000000 1.000000
vn 0.000000 0.000000 1.000000
vn 0.000000 0.000000 1.000000
vn 0.000000 0.000000 1.000000
vn 0.000000 0.000000 1.000000
vn 0.000000 0.000000 1.000000
vn 0.000000 0.000000 1.000000
vn 0.000000 0.000000 1.000000
vn 0.000000 0.000000 1.000000
vn 0.000000 0.000000 1.000000
vn 0.000000 0.000000 1.000000
vn 0.000000 0.000000 1.000000
vn 0.000000 0.000000 1.000000
vn 0.000000 0.000000 1.000000
vn 0.000000 0.000000 1.000000
vn 0.000000 0.000000 1.000000
vn 0.000000 0.000000 1.000000
vn 0.000000 0.000000 1.000000
vn 0.000000 0.000000 1.000000
vn 0.000000 0.000000 1.000000
vn 0.000000 0.000000 1.000000
vn 0.000000 0.000000 1.000000
vn 0.000000 0.000000 1.000000
vn 0.000000 0.000000 1.000000
vn 0.000000 0.000000 1.000000
vn 0.000000 0.000000 1.000000
vn 0.000000 0.000000 1.000000
vn 0.000000 0.000000 1.000000
vn 0.000000 0.000000 1.000000
vn 0.000000 0.000000 1.000000
vn 0.000000 0.000000 1.000000
vn 0.000000 0.000000 1.000000
vn 0.000000 0.000000 1.000000
vn 0.000000 0.000000 1.000000
vn 0.000000 0.000000 1.000000
vn 0.000000 0.000000 1.000000
vn 0.000000 0.000000 1.000000
vn 0.000000 0.000000 1.000000
vn 0.000000 0.000000 1.000000
vn 0.000000 0.000000 1.000000
vn 0.000000 0.000000 1.000000
vn 0.000000 0.000000 1.000000
vn 0.000000 0.000000 1.000000
vn 0.000000 0.000000 1.000000
vn 0.000000 0.000000 1.000000
vn 0.000000 0.000000 1.000000
vn 0.000000 0.000000 1.000000
vn 0.000000 0.000000 1.000000
vn 0.000000 0.000000 1.000000
vn 0.000000 0.000000 1.000000
vn 0.000000 0.000000 1.000000
vn 0.000000 0.000000 1.000000
vn 0.000000 0.000000 1.000000
vn 0.000000 0.000000 1.000000
vn 0.000000 0.000000 1.000000
vn 0.000000 0.000000 1.000000
vn 0.000000 0.000000 1.000000
vn 0.000000 0.000000 1.000000
vn 0.000000 0.000000 1.000000
vn 0.000000 0.000000 1.000000
vn 0.000000 0.000000 1.000000
vn 0.000000 0.000000 1.000000
vn 0.000000 0.000000 1.000000
vn 0.000000 0.000000 1.000000
vn 0.000000 0.000000 1.000000
vn 0.000000 0.000000 1.000000
vn 0.000000 0.000000 1.000000
vn 0.000000 0.000000 1.000000
vn 0.000000 0.000000 1.000000
vn 0.000000 0.000000 1.000000
vn 0.000000 0.000000 1.000000
vn 0.000000 0.000000 1.000000
vn 0.000000 0.000000 1.000000
vn 0.000000 0.000000 1.000000
vn 0.000000 0.000000 1.000000
vn 0.000000 0.000000 1.000000
vn 0.000000 0.000000 1.000000
vn 0.000000 0.000000 1.000000
vn 0.000000 0.000000 1.000000
vn 0.000000 0.000000 1.000000
vn 0.000000 0.000000 1.000000
vn 0.000000 0.000000 1.000000
vn 0.000000 0.000000 1.000000
vn 0.000000 0.000000 1.000000
vn 0.000000 0.000000 1.000000
vn 0.000000 0.000000 1.000000
vn 0.000000 0.000000 1.000000
vn 0.000000 0.000000 1.000000
vn 0.000000 0.000000 1.000000
vn 0.000000 0.000000 1.000000
vn 0.000000 0.000000 1.000000
vn 0.000000 0.000000 1.000000
vn 0.000000 0.000000 1.000000
vn 0.000000 0.000000 1.000000
vn 0.000000 0.000000 1.000000
vn 0.000000 0.000000 1.000000
vn 0.000000 0.000000 1.000000
vn 0.000000 0.000000 1.000000
vn 0.000000 0.000000 1.000000
vn 0.000000 0.000000 1.000000
vn 0.000000 0.000000 1.000000
vn 0.000000 0.000000 1.000000
vn 0.000000 0.000000 1.000000
vn 0.000000 0.000000 1.000000
vn 0.000000 0.000000 1.000000
vn 0.000000 0.000000 1.000000
vn 0.000000 0.000000 1.000000
vn 0.000000 0.000000 1.000000
vn 0.000000 0.000000 1.000000
vn 0.000000 0.000000 1.000000
vn 0.000000 0.000000 1.000000
vn 0.000000 0.000000 1.000000
vn 0.000000 0.000000 1.000000
vn 0.000000 0.000000 1.000000
vn 0.000000 0.000000 1.000000
vn 0.000000 0.000000 1.000000
vn 0.000000 0.000000 1.000000
vn 0.000000 0.000000 1.000000
vn 0.000000 0.000000 1.000000
vn 0.000000 0.000000 1.000000
vn 0.000000 0.000000 1.000000
vn 0.000000 0.000000 1.000000
vn 0.000000 0.000000 1.000000
vn 0.000000 0.000000 1.000000
vn 0.000000 0.000000 1.000000
vn 0.000000 0.000000 1.000000
vn 0.000000 0.000000 1.000000
vn 0.000000 0.000000 1.000000
vn 0.000000 0.000000 1.000000
vn 0.000000 0.000000 1.000000
vn 0.000000 0.000000 1.000000
vn 0.000000 0.000000 1.000000
vn 0.000000 0.000000 1.000000
vn 0.000000 0.000000 1.000000
vn 0.000000 0.000000 1.000000
vn 0.000000 0.000000 1.000000
vn 0.000000 0.000000 1.000000
vn 0.000000 0.000000 1.000000
vn 0.000000 0.000000 1.000000
vn 0.000000 0.000000 1.000000
vn 0.000000 0.000000 1.000000
vn 0.000000 0.000000 1.000000
vn 0.000000 0.000000 1.000000
vn 0.000000 0.000000 1.000000
vn 0.000000 0.000000 1.000000
vn 0.000000 0.000000 1.000000
vn 0.000000 0.000000 1.000000
vn 0.000000 0.000000 1.000000
vn 0.000000 0.000000 1.000000
vn 0.000000 0.000000 1.000000
vn 0.000000 0.000000 1.000000
vn 0.000000 0.000000 1.000000
vn 0.000000 0.000000 1.000000
vn 0.000000 0.000000 1.000000
vn 0.000000 0.000000 1.000000
vn 0.000000 0.000000 1.000000
vn 0.000000 0.000000 1.000000
vn 0.000000 0.000000 1.000000
vn 0.000000 0.000000 1.000000
vn 0.000000 0.000000 1.000000
vn 0.000000 0.000000 1.000000
vn 0.000000 0.000000 1.000000
vn 0.000000 0.000000 1.000000
vn 0.000000 0.000000 1.000000
vn 0.000000 0.000000 1.000000
vn 0.000000 0.000000 1.000000
vn 0.000000 0.000000 1.000000
vn 0.000000 0.000000 1.000000
vn 0.000000 0.000000 1.000000
vn 0.000000 0.000000 1.000000
vn 0.000000 0.000000 1.000000
vn 0.000000 0.000000 1.000000
vn 0.000000 0.000000 1.000000
vn 0.000000 0.000000 1.000000
vn 0.000000 0.000000 1.000000
vn 0.000000 0.000000 1.000000
vn 0.000000 0.000000 1.000000
vn 0.000000 0.000000 1.000000
vn 0.000000 0.000000 1.000000
vn 0.000000 0.000000 1.000000
vn 0.000000 0.000000 1.000000
vn 0.000000 0.000000 1.000000
vn 0.000000 0.000000 1.000000
vn 0.000000 0.000000 1.000000
vn 0.000000 0.000000 1.000000
vn 0.000000 0.000000 1.000000
vn 0.000000 0.000000 1.000000
vn 0.000000 0.000000 1.000000
vn 0.000000 0.000000 1.000000
vn 0.000000 0.000000 1.000000
vn 0.000000 0.000000 1.000000
vn 0.000000 0.000000 1.000000
vn 0.000000 0.000000 1.000000
vn 0.000000 0.000000 1.000000
vn 0.000000 0.000000 1.000000
vn 0.000000 0.000000 1.000000
vn 0.000000 0.000000 1.000000
vn 0.000000 0.000000 1.000000
vn 0.000000 0.000000 1.000000
vn 0.000000 0.000000 1.000000
vn 0.000000 0.000000 1.000000
f 1//1 2//1 3//1
f 4//2 5//2 1//2
f 4//3 1//3 3//3
f 6//4 5//4 4//4
f 7//5 6//5 4//5
f 8//6 7//6 4//6
f 9//7 8//7 4//7
f 10//8 9//8 4//8
f 11//9 10//9 4//9
f 12//10 11//10 4//10
f 13//11 12//11 4//11
f 14//12 13//12 4//12
f 15//13 14//13 4//13
f 16//14 15//14 4//14
f 17//15 16//15 4//15
f 18//16 17//16 4//16
f 19//17 18//17 4//17
f 20//18 19//18 4//18
f 21//19 20//19 4//19
f 22//20 21//20 4//20
f 23//21 22//21 4//21
f 24//22 23//22 4//22
f 25//23 24//23 4//23
f 26//24 25//24 4//24
f 27//25 26//25 4//25
f 28//26 27//26 4//26
f 29//27 28//27 4//27
f 30//28 29//28 4//28
f 31//29 30//29 4//29
f 32//30 31//30 4//30
f 33//31 32//31 4//31
f 34//32 33//32 4//32
f 35//33 34//33 4//33
f 36//34 35//34 4//34
f 37//35 38//35 39//35
f 40//36 41//36 42//36
f 40//37 43//37 41//37
f 40//38 44//38 43//38
f 40//39 45//39 44//39
f 40//40 46//40 45//40
f 40//41 47//41 46//41
f 40//42 48//42 47//42
f 40//43 49//43 48//43
f 40//44 50//44 49//44
f 40//45 51//45 50//45
f 40//46 52//46 51//46
f 40//47 53//47 52//47
f 40//48 54//48 53//48
f 40//49 55//49 54//49
f 40//50 56//50 55//50
f 40//51 57//51 56//51
f 40//52 58//52 57//52
f 40//53 59//53 58//53
f 40//54 60//54 59//54
f 40//55 61//55 60//55
f 40//56 62//56 61//56
f 40//57 63//57 62//57
f 40//58 64//58 63//58
f 40//59 65//59 64//59
f 40//60 66//60 65//60
f 40//61 67//61 66//61
f 40//62 68//62 67//62
f 40//63 69//63 68//63
f 40//64 70//64 69//64
f 40//65 71//65 70//65
f 40//66 72//66 71//66
f 40//67 37//67 72//67
f 40//68 38//68 37//68
f 4//69 40//69 42//69
f 4//70 42//70 36//70
f 73//71 37//71 74//71
f 74//72 37//72 39//72
f 75//73 41//73 76//73
f 42//74 41//74 75//74
f 76//75 43//75 77//75
f 41//76 43//76 76//76
f 43//77 44//77 77//77
f 77//78 45//78 78//78
f 44//79 45//79 77//79
f 78//80 46//80 79//80
f 45//81 46//81 78//81
f 79//82 47//82 80//82
f 46//83 47//83 79//83
f 80//84 48//84 81//84
f 47//85 48//85 80//85
f 48//86 49//86 81//86
f 81//87 49//87 82//87
f 49//88 50//88 82//88
f 82//89 51//89 83//89
f 50//90 51//90 82//90
f 83//91 52//91 84//91
f 51//92 52//92 83//92
f 84//93 53//93 85//93
f 52//94 53//94 84//94
f 85//95 54//95 86//95
f 53//96 54//96 85//96
f 86//97 55//97 87//97
f 54//98 55//98 86//98
f 87//99 56//99 88//99
f 55//100 56//100 87//100
f 88//101 57//101 89//101
f 56//102 57//102 88//102
f 89//103 58//103 90//103
f 57//104 58//104 89//104
f 90//105 59//105 91//105
f 58//106 59//106 90//106
f 91//107 60//107 92//107
f 59//108 60//108 91//108
f 92//109 61//109 93//109
f 60//110 61//110 92//110
f 93//111 62//111 94//111
f 94//112 62//112 95//112
f 61//113 62//113 93//113
f 95//114 63//114 96//114
f 62//115 63//115 95//115
f 96//116 64//116 97//116
f 63//117 64//117 96//117
f 97//118 65//118 98//118
f 98//119 65//119 99//119
f 64//120 65//120 97//120
f 99//121 66//121 100//121
f 65//122 66//122 99//122
f 100//123 67//123 101//123
f 66//124 67//124 100//124
f 101//125 68//125 102//125
f 102//126 68//126 103//126
f 67//127 68//127 101//127
f 103//128 69//128 104//128
f 68//129 69//129 103//129
f 104//130 70//130 105//130
f 105//131 70//131 106//131
f 69//132 70//132 104//132
f 106//133 71//133 107//133
f 70//134 71//134 106//134
f 107//135 72//135 108//135
f 108//136 72//136 109//136
f 71//137 72//137 107//137
f 72//138 37//138 109//138
f 109//139 37//139 73//139
f 110//140 39//140 111//140
f 112//141 111//141 39//141
f 113//142 39//142 110//142
f 114//143 112//143 39//143
f 115//144 39//144 113//144
f 116//145 114//145 39//145
f 117//146 39//146 115//146
f 118//147 116//147 39//147
f 119//148 39//148 117//148
f 120//149 118//149 39//149
f 121//150 39//150 119//150
f 122//151 120//151 39//151
f 123//152 39//152 121//152
f 124//153 122//153 39//153
f 125//154 39//154 123//154
f 126//155 124//155 39//155
f 127//156 39//156 125//156
f 128//157 126//157 39//157
f 129//158 39//158 127//158
f 130//159 128//159 39//159
f 131//160 39//160 129//160
f 132//161 130//161 39//161
f 133//162 39//162 131//162
f 134//163 132//163 39//163
f 135//164 39//164 133//164
f 136//165 134//165 39//165
f 137//166 39//166 135//166
f 138//167 136//167 39//167
f 139//168 39//168 137//168
f 140//169 138//169 39//169
f 141//170 39//170 139//170
f 142//171 140//171 39//171
f 38//172 143//172 144//172
f 38//173 145//173 143//173
f 38//174 146//174 145//174
f 38//175 147//175 146//175
f 38//176 148//176 147//176
f 38//177 149//177 148//177
f 38//178 150//178 149//178
f 38//179 151//179 150//179
f 38//180 152//180 151//180
f 38//181 153//181 152//181
f 38//182 154//182 153//182
f 38//183 155//183 154//183
f 38//184 156//184 155//184
f 38//185 157//185 156//185
f 38//186 142//186 39//186
f 38//187 144//187 142//187
f 74//188 158//188 159//188
f 74//189 160//189 158//189
f 74//190 161//190 160//190
f 74//191 162//191 161//191
f 74//192 163//192 162//192
f 74//193 164//193 163//193
f 74//194 165//194 164//194
f 74//195 166//195 165//195
f 74//196 167//196 166//196
f 74//197 168//197 167//197
f 74//198 169//198 168//198
f 74//199 170//199 169//199
f 74//200 171//200 170//200
f 74//201 172//201 171//201
f 74//202 141//202 172//202
f 74//203 39//203 141//203
f 173//204 74//204 159//204
f 174//205 157//205 38//205
f 175//206 74//206 173//206
f 176//207 174//207 38//207
f 177//208 74//208 175//208
f 178//209 176//209 38//209
f 179//210 74//210 177//210
f 180//211 178//211 38//211
f 181//212 74//212 179//212
f 182//213 180//213 38//213
f 183//214 74//214 181//214
f 184//215 182//215 38//215
f 185//216 74//216 183//216
f 186//217 184//217 38//217
f 187//218 74//218 185//218
f 188//219 186//219 38//219
f 189//220 74//220 187//220
f 190//221 188//221 38//221
f 191//222 74//222 189//222
f 192//223 190//223 38//223
f 193//224 74//224 191//224
f 194//225 192//225 38//225
f 195//226 74//226 193//226
f 196//227 194//227 38//227
f 197//228 74//228 195//228
f 198//229 196//229 38//229
f 199//230 74//230 197//230
f 200//231 198//231 38//231
f 201//232 74//232 199//232
f 202//233 200//233 38//233
f 203//234 74//234 201//234
f 204//235 202//235 38//235
f 205//236 206//236 204//236
f 205//237 207//237 206//237
f 205//238 208//238 207//238
f 205//239 209//239 208//239
f 205//240 210//240 209//240
f 205//241 211//241 210//241
f 205//242 212//242 211//242
f 205//243 213//243 212//243
f 205//244 214//244 213//244
f 205//245 215//245 214//245
f 205//246 216//246 215//246
f 205//247 217//247 216//247
f 205//248 204//248 38//248
f 205//249 218//249 217//249
f 205//250 219//250 218//250
f 205//251 220//251 219//251
f 205//252 221//252 220//252
f 205//253 222//253 221//253
f 205//254 223//254 222//254
f 205//255 74//255 203//255
f 205//256 224//256 223//256
f 205//257 225//257 224//257
f 205//258 226//258 225//258
f 205//259 227//259 226//259
f 205//260 228//260 227//260
f 205//261 229//261 228//261
f 205//262 230//262 229//262
f 205//263 231//263 230//263
f 205//264 232//264 231//264
f 205//265 233//265 232//265
f 205//266 234//266 233//266
f 205//267 235//267 234//267
f 205//268 236//268 235//268
f 205//269 203//269 236//269
f 237//270 238//270 239//270
f 237//271 239//271 240//271
f 75//272 240//272 36//272
f 75//273 36//273 42//273
f 75//274 237//274 240//274
f 241//275 237//275 75//275
f 242//276 75//276 243//276
f 242//277 241//277 75//277
f 244//278 245//278 237//278
f 244//279 237//279 241//279
f 246//280 247//280 248//280
f 249//281 248//281 247//281
f 250//282 248//282 249//282
f 251//283 246//283 248//283
f 252//284 251//284 248//284
f 253//285 248//285 250//285
f 254//286 252//286 248//286
f 255//287 248//287 253//287
f 256//288 254//288 248//288
f 257//289 248//289 255//289
f 258//290 256//290 248//290
f 259//291 248//291 257//291
f 260//292 258//292 248//292
f 261//293 248//293 259//293
f 262//294 260//294 248//294
f 263//295 248//295 261//295
f 264//296 262//296 248//296
f 265//297 248//297 263//297
f 266//298 264//298 248//298
f 267//299 248//299 265//299
f 268//300 266//300 248//300
f 269//301 248//301 267//301
f 270//302 268//302 248//302
f 271//303 248//303 269//303
f 272//304 270//304 248//304
f 273//305 248//305 271//305
f 274//306 272//306 248//306
f 275//307 248//307 273//307
f 276//308 274//308 248//308
f 277//309 248//309 275//309
f 278//310 276//310 248//310
f 242//311 248//311 277//311
f 279//312 278//312 248//312
f 280//313 278//313 279//313
f 40//314 243//314 281//314
f 40//315 281//315 282//315
f 40//316 282//316 283//316
f 40//317 283//317 284//317
f 40//318 284//318 285//318
f 40//319 285//319 286//319
f 40//320 286//320 287//320
f 40//321 287//321 288//321
f 40//322 288//322 289//322
f 40//323 289//323 290//323
f 40//324 290//324 291//324
f 40//325 291//325 292//325
f 40//326 292//326 293//326
f 40//327 293//327 294//327
f 40//328 294//328 295//328
f 40//329 295//329 296//329
f 40//330 296//330 297//330
f 40//331 297//331 298//331
f 40//332 298//332 299//332
f 40//333 299//333 300//333
f 40//334 300//334 301//334
f 40//335 301//335 302//335
f 40//336 302//336 303//336
f 40//337 303//337 304//337
f 40//338 304//338 305//338
f 40//339 305//339 306//339
f 40//340 306//340 307//340
f 40//341 307//341 308//341
f 40//342 308//342 309//342
f 40//343 309//343 310//343
f 311//344 40//344 310//344
f 312//345 40//345 311//345
f 38//346 40//346 312//346
f 38//347 312//347 205//347
f 40//348 248//348 242//348
f 40//349 242//349 243//349
f 36//350 240//350 35//350
f 35//351 313//351 34//351
f 240//352 313//352 35//352
f 34//353 314//353 33//353
f 33//354 314//354 32//354
f 313//355 314//355 34//355
f 32//356 315//356 31//356
f 314//357 315//357 32//357
f 31//358 316//358 30//358
f 315//359 316//359 31//359
f 30//360 317//360 29//360
f 316//361 317//361 30//361
f 29//362 318//362 28//362
f 317//363 318//363 29//363
f 318//364 319//364 28//364
f 28//365 319//365 27//365
f 27//366 319//366 26//366
f 319//367 320//367 26//367
f 26//368 320//368 25//368
f 25//369 321//369 24//369
f 320//370 321//370 25//370
f 321//371 322//371 24//371
f 24//372 322//372 23//372
f 23//373 323//373 22//373
f 322//374 323//374 23//374
f 22//375 324//375 21//375
f 323//376 324//376 22//376
f 21//377 325//377 20//377
f 324//378 325//378 21//378
f 20//379 326//379 19//379
f 325//380 326//380 20//380
f 19//381 327//381 18//381
f 326//382 327//382 19//382
f 18//383 328//383 17//383
f 327//384 328//384 18//384
f 17//385 329//385 16//385
f 328//386 329//386 17//386
f 16//387 330//387 15//387
f 329//388 330//388 16//388
f 330//389 331//389 15//389
f 15//390 332//390 14//390
f 331//391 332//391 15//391
f 14//392 333//392 13//392
f 332//393 333//393 14//393
f 13//394 334//394 12//394
f 333//395 334//395 13//395
f 334//396 335//396 12//396
f 12//397 336//397 11//397
f 335//398 336//398 12//398
f 11//399 337//399 10//399
f 336//400 337//400 11//400
f 10//401 338//401 9//401
f 337//402 338//402 10//402
f 338//403 339//403 9//403
f 9//404 340//404 8//404
f 339//405 340//405 9//405
f 8//406 341//406 7//406
f 340//407 341//407 8//407
f 341//408 342//408 7//408
f 7//409 343//409 6//409
f 342//410 343//410 7//410
f 6//411 344//411 5//411
f 343//412 344//412 6//412
f 344//413 345//413 5//413
f 345//414 346//414 5//414
f 5//415 346//415 1//415
f 346//416 347//416 1//416
f 4//417 248//417 40//417
f 348//418 248//418 4//418
f 1//419 347//419 2//419
f 2//420 347//420 349//420
f 350//421 351//421 352//421
f 348//422 353//422 350//422
f 348//423 350//423 352//423
f 354//424 353//424 348//424
f 355//425 354//425 348//425
f 356//426 355//426 348//426
f 357//427 356//427 348//427
f 358//428 357//428 348//428
f 359//429 358//429 348//429
f 360//430 359//430 348//430
f 361//431 360//431 348//431
f 362//432 361//432 348//432
f 363//433 362//433 348//433
f 364//434 363//434 348//434
f 365//435 364//435 348//435
f 366//436 365//436 348//436
f 367//437 366//437 348//437
f 368//438 367//438 348//438
f 369//439 368//439 348//439
f 370//440 369//440 348//440
f 371//441 370//441 348//441
f 372//442 371//442 348//442
f 373//443 372//443 348//443
f 374//444 373//444 348//444
f 375//445 374//445 348//445
f 376//446 375//446 348//446
f 377//447 376//447 348//447
f 378//448 377//448 348//448
f 379//449 378//449 348//449
f 380//450 379//450 348//450
f 381//451 380//451 348//451
f 382//452 381//452 348//452
f 383//453 382//453 348//453
f 238//454 383//454 348//454
f 384//455 3//455 385//455
f 4//456 386//456 239//456
f 4//457 387//457 386//457
f 4//458 388//458 387//458
f 4//459 389//459 388//459
f 4//460 390//460 389//460
f 4//461 391//461 390//461
f 4//462 392//462 391//462
f 4//463 393//463 392//463
f 4//464 394//464 393//464
f 4//465 395//465 394//465
f 4//466 396//466 395//466
f 4//467 397//467 396//467
f 4//468 398//468 397//468
f 4//469 399//469 398//469
f 4//470 400//470 399//470
f 4//471 401//471 400//471
f 4//472 402//472 401//472
f 4//473 403//473 402//473
f 4//474 404//474 403//474
f 4//475 405//475 404//475
f 4//476 406//476 405//476
f 4//477 407//477 406//477
f 4//478 408//478 407//478
f 4//479 409//479 408//479
f 4//480 410//480 409//480
f 4//481 411//481 410//481
f 4//482 412//482 411//482
f 4//483 413//483 412//483
f 4//484 414//484 413//484
f 4//485 415//485 414//485
f 4//486 416//486 415//486
f 4//487 384//487 416//487
f 4//488 3//488 384//488
f 348//489 4//489 239//489
f 348//490 239//490 238//490
f 417//491 3//491 418//491
f 419//492 418//492 3//492
f 420//493 3//493 417//493
f 421//494 419//494 3//494
f 422//495 3//495 420//495
f 423//496 421//496 3//496
f 424//497 3//497 422//497
f 425//498 423//498 3//498
f 426//499 3//499 424//499
f 427//500 425//500 3//500
f 428//501 3//501 426//501
f 429//502 427//502 3//502
f 430//503 3//503 428//503
f 431//504 429//504 3//504
f 432//505 3//505 430//505
f 433//506 431//506 3//506
f 434//507 3//507 432//507
f 435//508 433//508 3//508
f 436//509 3//509 434//509
f 437//510 435//510 3//510
f 438//511 3//511 436//511
f 439//512 437//512 3//512
f 440//513 3//513 438//513
f 441//514 439//514 3//514
f 442//515 3//515 440//515
f 443//516 441//516 3//516
f 444//517 3//517 442//517
f 445//518 443//518 3//518
f 446//519 3//519 444//519
f 447//520 445//520 3//520
f 448//521 3//521 446//521
f 385//522 449//522 450//522
f 385//523 451//523 449//523
f 385//524 452//524 451//524
f 385//525 453//525 452//525
f 385//526 454//526 453//526
f 385//527 455//527 454//527
f 385//528 456//528 455//528
f 385//529 457//529 456//529
f 385//530 458//530 457//530
f 385//531 459//531 458//531
f 385//532 460//532 459//532
f 385//533 461//533 460//533
f 385//534 462//534 461//534
f 385//535 463//535 462//535
f 385//536 448//536 463//536
f 385//537 3//537 448//537
f 2//538 464//538 465//538
f 2//539 466//539 464//539
f 2//540 467//540 466//540
f 2//541 468//541 467//541
f 2//542 469//542 468//542
f 2//543 470//543 469//543
f 2//544 471//544 470//544
f 2//545 472//545 471//545
f 2//546 473//546 472//546
f 2//547 474//547 473//547
f 2//548 475//548 474//548
f 2//549 476//549 475//549
f 2//550 477//550 476//550
f 2//551 478//551 477//551
f 2//552 447//552 3//552
f 2//553 479//553 447//553
f 2//554 465//554 479//554
f 480//555 385//555 450//555
f 481//556 478//556 2//556
f 482//557 385//557 480//557
f 483//558 481//558 2//558
f 484//559 385//559 482//559
f 485//560 483//560 2//560
f 486//561 385//561 484//561
f 487//562 485//562 2//562
f 488//563 385//563 486//563
f 489//564 487//564 2//564
f 490//565 385//565 488//565
f 491//566 489//566 2//566
f 492//567 385//567 490//567
f 493//568 491//568 2//568
f 494//569 385//569 492//569
f 495//570 493//570 2//570
f 496//571 385//571 494//571
f 497//572 495//572 2//572
f 498//573 385//573 496//573
f 499//574 497//574 2//574
f 500//575 385//575 498//575
f 501//576 499//576 2//576
f 502//577 385//577 500//577
f 503//578 501//578 2//578
f 504//579 385//579 502//579
f 505//580 503//580 2//580
f 506//581 385//581 504//581
f 507//582 505//582 2//582
f 508//583 385//583 506//583
f 509//584 507//584 2//584
f 510//585 385//585 508//585
f 511//586 509//586 2//586
f 512//587 385//587 510//587
f 349//588 513//588 511//588
f 349//589 514//589 513//589
f 349//590 515//590 514//590
f 349//591 516//591 515//591
f 349//592 517//592 516//592
f 349//593 518//593 517//593
f 349//594 519//594 518//594
f 349//595 520//595 519//595
f 349//596 521//596 520//596
f 349//597 522//597 521//597
f 349//598 523//598 522//598
f 349//599 524//599 523//599
f 349//600 525//600 524//600
f 349//601 526//601 525//601
f 349//602 527//602 526//602
f 349//603 528//603 527//603
f 349//604 529//604 528//604
f 349//605 511//605 2//605
f 349//606 530//606 529//606
f 349//607 531//607 530//607
f 349//608 532//608 531//608
f 349//609 533//609 532//609
f 349//610 534//610 533//610
f 349//611 385//611 512//611
f 349//612 535//612 534//612
f 349//613 536//613 535//613
f 349//614 537//614 536//614
f 349//615 538//615 537//615
f 349//616 539//616 538//616
f 349//617 540//617 539//617
f 349//618 541//618 540//618
f 349//619 542//619 541//619
f 349//620 512//620 542//620
f 312//621 73//621 205//621
f 205//622 73//622 74//622
f 243//623 75//623 281//623
f 281//624 76//624 282//624
f 75//625 76//625 281//625
f 282//626 77//626 283//626
f 283//627 77//627 284//627
f 76//628 77//628 282//628
f 284//629 78//629 285//629
f 77//630 78//630 284//630
f 285//631 79//631 286//631
f 78//632 79//632 285//632
f 286//633 80//633 287//633
f 79//634 80//634 286//634
f 287//635 81//635 288//635
f 80//636 81//636 287//636
f 81//637 82//637 288//637
f 288//638 82//638 289//638
f 289//639 82//639 290//639
f 82//640 83//640 290//640
f 290//641 83//641 291//641
f 291//642 84//642 292//642
f 83//643 84//643 291//643
f 84//644 85//644 292//644
f 292//645 85//645 293//645
f 293//646 86//646 294//646
f 85//647 86//647 293//647
f 294//648 87//648 295//648
f 86//649 87//649 294//649
f 295//650 88//650 296//650
f 87//651 88//651 295//651
f 296//652 89//652 297//652
f 88//653 89//653 296//653
f 297//654 90//654 298//654
f 89//655 90//655 297//655
f 298//656 91//656 299//656
f 90//657 91//657 298//657
f 299//658 92//658 300//658
f 91//659 92//659 299//659
f 300//660 93//660 301//660
f 92//661 93//661 300//661
f 93//662 94//662 301//662
f 301//663 95//663 302//663
f 94//664 95//664 301//664
f 302//665 96//665 303//665
f 95//666 96//666 302//666
f 303//667 97//667 304//667
f 96//668 97//668 303//668
f 97//669 98//669 304//669
f 304//670 99//670 305//670
f 98//671 99//671 304//671
f 305//672 100//672 306//672
f 99//673 100//673 305//673
f 306//674 101//674 307//674
f 100//675 101//675 306//675
f 101//676 102//676 307//676
f 307//677 103//677 308//677
f 102//678 103//678 307//678
f 308//679 104//679 309//679
f 103//680 104//680 308//680
f 104//681 105//681 309//681
f 309//682 106//682 310//682
f 105//683 106//683 309//683
f 310//684 107//684 311//684
f 106//685 107//685 310//685
f 107//686 108//686 311//686
f 108//687 109//687 311//687
f 311//688 109//688 312//688
f 109//689 73//689 312//689
f 543//690 544//690 204//690
f 543//691 204//691 206//691
f 545//692 206//692 207//692
f 545//693 543//693 206//693
f 546//694 207//694 208//694
f 546//695 208//695 209//695
f 546//696 545//696 207//696
f 547//697 546//697 209//697
f 548//698 209//698 210//698
f 548//699 547//699 209//699
f 549//700 210//700 211//700
f 549//701 211//701 212//701
f 549//702 548//702 210//702
f 550//703 212//703 213//703
f 550//704 549//704 212//704
f 551//705 550//705 213//705
f 552//706 213//706 214//706
f 552//707 551//707 213//707
f 553//708 214//708 215//708
f 553//709 552//709 214//709
f 554//710 553//710 215//710
f 554//711 215//711 216//711
f 555//712 554//712 216//712
f 555//713 216//713 217//713
f 555//714 217//714 218//714
f 556//715 555//715 218//715
f 557//716 556//716 218//716
f 557//717 218//717 219//717
f 558//718 219//718 220//718
f 558//719 557//719 219//719
f 559//720 220//720 221//720
f 559//721 221//721 222//721
f 559//722 558//722 220//722
f 560//723 559//723 222//723
f 561//724 222//724 223//724
f 561//725 560//725 222//725
f 562//726 223//726 224//726
f 562//727 224//727 225//727
f 562//728 561//728 223//728
f 563//729 562//729 225//729
f 564//730 225//730 226//730
f 564//731 226//731 227//731
f 564//732 563//732 225//732
f 565//733 227//733 228//733
f 565//734 564//734 227//734
f 566//735 228//735 229//735
f 566//736 565//736 228//736
f 567//737 566//737 229//737
f 568//738 229//738 230//738
f 568//739 567//739 229//739
f 569//740 230//740 231//740
f 569//741 231//741 232//741
f 569//742 568//742 230//742
f 570//743 569//743 232//743
f 571//744 232//744 233//744
f 571//745 570//745 232//745
f 572//746 233//746 234//746
f 572//747 571//747 233//747
f 573//748 234//748 235//748
f 573//749 572//749 234//749
f 574//750 235//750 236//750
f 574//751 236//751 203//751
f 574//752 573//752 235//752
f 575//753 574//753 203//753
f 576//754 203//754 201//754
f 576//755 575//755 203//755
f 577//756 201//756 199//756
f 577//757 576//757 201//757
f 578//758 199//758 197//758
f 578//759 577//759 199//759
f 579//760 197//760 195//760
f 579//761 578//761 197//761
f 580//762 195//762 193//762
f 580//763 579//763 195//763
f 581//764 580//764 193//764
f 581//765 193//765 191//765
f 582//766 581//766 191//766
f 582//767 191//767 189//767
f 582//768 189//768 187//768
f 583//769 582//769 187//769
f 584//770 583//770 187//770
f 584//771 187//771 185//771
f 585//772 584//772 185//772
f 585//773 185//773 183//773
f 586//774 585//774 183//774
f 586//775 183//775 181//775
f 587//776 586//776 181//776
f 587//777 181//777 179//777
f 588//778 587//778 179//778
f 588//779 179//779 177//779
f 588//780 177//780 175//780
f 589//781 588//781 175//781
f 589//782 175//782 173//782
f 590//783 589//783 173//783
f 591//784 173//784 159//784
f 591//785 590//785 173//785
f 592//786 159//786 158//786
f 592//787 591//787 159//787
f 593//788 158//788 160//788
f 593//789 592//789 158//789
f 594//790 160//790 161//790
f 594//791 593//791 160//791
f 595//792 161//792 162//792
f 595//793 594//793 161//793
f 596//794 162//794 163//794
f 596//795 595//795 162//795
f 597//796 163//796 164//796
f 597//797 596//797 163//797
f 598//798 164//798 165//798
f 598//799 597//799 164//799
f 599//800 165//800 166//800
f 599//801 598//801 165//801
f 600//802 166//802 167//802
f 600//803 599//803 166//803
f 601//804 167//804 168//804
f 601//805 600//805 167//805
f 602//806 168//806 169//806
f 602//807 601//807 168//807
f 603//808 169//808 170//808
f 603//809 602//809 169//809
f 604//810 170//810 171//810
f 604//811 603//811 170//811
f 605//812 604//812 171//812
f 605//813 171//813 172//813
f 606//814 605//814 172//814
f 606//815 172//815 141//815
f 607//816 606//816 141//816
f 607//817 141//817 139//817
f 608//818 607//818 139//818
f 608//819 139//819 137//819
f 609//820 608//820 137//820
f 609//821 137//821 135//821
f 610//822 609//822 135//822
f 610//823 135//823 133//823
f 611//824 610//824 133//824
f 611//825 133//825 131//825
f 612//826 611//826 131//826
f 612//827 131//827 129//827
f 613//828 612//828 129//828
f 613//829 129//829 127//829
f 614//830 613//830 127//830
f 614//831 127//831 125//831
f 615//832 614//832 125//832
f 615//833 125//833 123//833
f 616//834 615//834 123//834
f 616//835 123//835 121//835
f 617//836 616//836 121//836
f 617//837 121//837 119//837
f 618//838 617//838 119//838
f 618//839 119//839 117//839
f 619//840 618//840 117//840
f 619//841 117//841 115//841
f 620//842 619//842 115//842
f 620//843 115//843 113//843
f 621//844 620//844 113//844
f 621//845 113//845 110//845
f 621//846 110//846 111//846
f 622//847 621//847 111//847
f 622//848 111//848 112//848
f 623//849 622//849 112//849
f 624//850 623//850 112//850
f 624//851 112//851 114//851
f 624//852 114//852 116//852
f 625//853 624//853 116//853
f 626//854 116//854 118//854
f 626//855 625//855 116//855
f 627//856 118//856 120//856
f 627//857 120//857 122//857
f 627//858 626//858 118//858
f 628//859 122//859 124//859
f 628//860 627//860 122//860
f 629//861 628//861 124//861
f 630//862 124//862 126//862
f 630//863 629//863 124//863
f 631//864 630//864 126//864
f 631//865 126//865 128//865
f 632//866 631//866 128//866
f 632//867 128//867 130//867
f 633//868 632//868 130//868
f 633//869 130//869 132//869
f 634//870 633//870 132//870
f 634//871 132//871 134//871
f 635//872 634//872 134//872
f 635//873 134//873 136//873
f 636//874 635//874 136//874
f 636//875 136//875 138//875
f 637//876 636//876 138//876
f 637//877 138//877 140//877
f 638//878 637//878 140//878
f 638//879 140//879 142//879
f 638//880 142//880 144//880
f 639//881 638//881 144//881
f 640//882 639//882 144//882
f 640//883 144//883 143//883
f 641//884 640//884 143//884
f 641//885 143//885 145//885
f 642//886 641//886 145//886
f 642//887 145//887 146//887
f 643//888 146//888 147//888
f 643//889 642//889 146//889
f 644//890 147//890 148//890
f 644//891 148//891 149//891
f 644//892 643//892 147//892
f 645//893 644//893 149//893
f 646//894 149//894 150//894
f 646//895 645//895 149//895
f 647//896 150//896 151//896
f 647//897 151//897 152//897
f 647//898 646//898 150//898
f 648//899 152//899 153//899
f 648//900 647//900 152//900
f 649//901 648//901 153//901
f 650//902 153//902 154//902
f 650//903 649//903 153//903
f 651//904 154//904 155//904
f 651//905 155//905 156//905
f 651//906 650//906 154//906
f 652//907 651//907 156//907
f 653//908 156//908 157//908
f 653//909 652//909 156//909
f 654//910 157//910 174//910
f 654//911 653//911 157//911
f 655//912 654//912 174//912
f 655//913 174//913 176//913
f 656//914 655//914 176//914
f 656//915 176//915 178//915
f 657//916 656//916 178//916
f 657//917 178//917 180//917
f 657//918 180//918 182//918
f 658//919 657//919 182//919
f 659//920 658//920 182//920
f 659//921 182//921 184//921
f 660//922 184//922 186//922
f 660//923 186//923 188//923
f 660//924 659//924 184//924
f 661//925 660//925 188//925
f 662//926 188//926 190//926
f 662//927 661//927 188//927
f 663//928 190//928 192//928
f 663//929 662//929 190//929
f 664//930 192//930 194//930
f 664//931 663//931 192//931
f 665//932 194//932 196//932
f 665//933 664//933 194//933
f 666//934 196//934 198//934
f 666//935 198//935 200//935
f 666//936 665//936 196//936
f 667//937 666//937 200//937
f 668//938 200//938 202//938
f 668//939 202//939 204//939
f 668//940 667//940 200//940
f 544//941 668//941 204//941
f 238//942 237//942 383//942
f 383//943 669//943 382//943
f 237//944 669//944 383//944
f 382//945 670//945 381//945
f 381//946 670//946 380//946
f 669//947 670//947 382//947
f 380//948 671//948 379//948
f 670//949 671//949 380//949
f 379//950 672//950 378//950
f 671//951 672//951 379//951
f 378//952 673//952 377//952
f 672//953 673//953 378//953
f 377//954 674//954 376//954
f 673//955 674//955 377//955
f 674//956 675//956 376//956
f 376//957 675//957 375//957
f 375//958 675//958 374//958
f 675//959 676//959 374//959
f 374//960 676//960 373//960
f 373//961 677//961 372//961
f 676//962 677//962 373//962
f 677//963 678//963 372//963
f 372//964 678//964 371//964
f 371//965 679//965 370//965
f 678//966 679//966 371//966
f 370//967 680//967 369//967
f 679//968 680//968 370//968
f 369//969 681//969 368//969
f 680//970 681//970 369//970
f 368//971 682//971 367//971
f 681//972 682//972 368//972
f 367//973 683//973 366//973
f 682//974 683//974 367//974
f 366//975 684//975 365//975
f 683//976 684//976 366//976
f 365//977 685//977 364//977
f 684//978 685//978 365//978
f 364//979 686//979 363//979
f 685//980 686//980 364//980
f 686//981 687//981 363//981
f 363//982 688//982 362//982
f 687//983 688//983 363//983
f 362//984 689//984 361//984
f 688//985 689//985 362//985
f 361//986 690//986 360//986
f 689//987 690//987 361//987
f 690//988 691//988 360//988
f 360//989 692//989 359//989
f 691//990 692//990 360//990
f 359//991 693//991 358//991
f 692//992 693//992 359//992
f 358//993 694//993 357//993
f 693//994 694//994 358//994
f 694//995 695//995 357//995
f 357//996 696//996 356//996
f 695//997 696//997 357//997
f 356//998 697//998 355//998
f 696//999 697//999 356//999
f 697//1000 698//1000 355//1000
f 355//1001 699//1001 354//1001
f 698//1002 699//1002 355//1002
f 354//1003 700//1003 353//1003
f 699//1004 700//1004 354//1004
f 700//1005 701//1005 353//1005
f 701//1006 702//1006 353//1006
f 353//1007 702//1007 350//1007
f 702//1008 703//1008 350//1008
f 240//1009 386//1009 313//1009
f 239//1010 386//1010 240//1010
f 313//1011 387//1011 314//1011
f 386//1012 387//1012 313//1012
f 387//1013 388//1013 314//1013
f 314//1014 389//1014 315//1014
f 388//1015 389//1015 314//1015
f 315//1016 390//1016 316//1016
f 389//1017 390//1017 315//1017
f 316//1018 391//1018 317//1018
f 390//1019 391//1019 316//1019
f 317//1020 392//1020 318//1020
f 391//1021 392//1021 317//1021
f 392//1022 393//1022 318//1022
f 318//1023 393//1023 319//1023
f 393//1024 394//1024 319//1024
f 319//1025 395//1025 320//1025
f 394//1026 395//1026 319//1026
f 320//1027 396//1027 321//1027
f 395//1028 396//1028 320//1028
f 321//1029 397//1029 322//1029
f 396//1030 397//1030 321//1030
f 322//1031 398//1031 323//1031
f 397//1032 398//1032 322//1032
f 323//1033 399//1033 324//1033
f 398//1034 399//1034 323//1034
f 324//1035 400//1035 325//1035
f 399//1036 400//1036 324//1036
f 325//1037 401//1037 326//1037
f 400//1038 401//1038 325//1038
f 326//1039 402//1039 327//1039
f 401//1040 402//1040 326//1040
f 327//1041 403//1041 328//1041
f 402//1042 403//1042 327//1042
f 328//1043 404//1043 329//1043
f 403//1044 404//1044 328//1044
f 329//1045 405//1045 330//1045
f 404//1046 405//1046 329//1046
f 330//1047 406//1047 331//1047
f 331//1048 406//1048 332//1048
f 405//1049 406//1049 330//1049
f 332//1050 407//1050 333//1050
f 406//1051 407//1051 332//1051
f 333//1052 408//1052 334//1052
f 407//1053 408//1053 333//1053
f 334//1054 409//1054 335//1054
f 335//1055 409//1055 336//1055
f 408//1056 409//1056 334//1056
f 336//1057 410//1057 337//1057
f 409//1058 410//1058 336//1058
f 337//1059 411//1059 338//1059
f 410//1060 411//1060 337//1060
f 338//1061 412//1061 339//1061
f 339//1062 412//1062 340//1062
f 411//1063 412//1063 338//1063
f 340//1064 413//1064 341//1064
f 412//1065 413//1065 340//1065
f 341//1066 414//1066 342//1066
f 342//1067 414//1067 343//1067
f 413//1068 414//1068 341//1068
f 343//1069 415//1069 344//1069
f 414//1070 415//1070 343//1070
f 344//1071 416//1071 345//1071
f 345//1072 416//1072 346//1072
f 415//1073 416//1073 344//1073
f 416//1074 384//1074 346//1074
f 346//1075 384//1075 347//1075
f 237//1076 704//1076 669//1076
f 245//1077 704//1077 237//1077
f 669//1078 705//1078 670//1078
f 704//1079 705//1079 669//1079
f 705//1080 706//1080 670//1080
f 670//1081 707//1081 671//1081
f 706//1082 707//1082 670//1082
f 671//1083 708//1083 672//1083
f 707//1084 708//1084 671//1084
f 672//1085 709//1085 673//1085
f 708//1086 709//1086 672//1086
f 673//1087 710//1087 674//1087
f 709//1088 710//1088 673//1088
f 710//1089 711//1089 674//1089
f 674//1090 711//1090 675//1090
f 711//1091 712//1091 675//1091
f 675//1092 713//1092 676//1092
f 712//1093 713//1093 675//1093
f 676//1094 714//1094 677//1094
f 713//1095 714//1095 676//1095
f 677//1096 715//1096 678//1096
f 714//1097 715//1097 677//1097
f 678//1098 716//1098 679//1098
f 715//1099 716//1099 678//1099
f 679//1100 717//1100 680//1100
f 716//1101 717//1101 679//1101
f 680//1102 718//1102 681//1102
f 717//1103 718//1103 680//1103
f 681//1104 719//1104 682//1104
f 718//1105 719//1105 681//1105
f 682//1106 720//1106 683//1106
f 719//1107 720//1107 682//1107
f 683//1108 721//1108 684//1108
f 720//1109 721//1109 683//1109
f 684//1110 722//1110 685//1110
f 721//1111 722//1111 684//1111
f 685//1112 723//1112 686//1112
f 722//1113 723//1113 685//1113
f 686//1114 724//1114 687//1114
f 687//1115 724//1115 688//1115
f 723//1116 724//1116 686//1116
f 688//1117 725//1117 689//1117
f 724//1118 725//1118 688//1118
f 689//1119 726//1119 690//1119
f 725//1120 726//1120 689//1120
f 690//1121 727//1121 691//1121
f 691//1122 727//1122 692//1122
f 726//1123 727//1123 690//1123
f 692//1124 728//1124 693//1124
f 727//1125 728//1125 692//1125
f 693//1126 729//1126 694//1126
f 728//1127 729//1127 693//1127
f 694//1128 730//1128 695//1128
f 695//1129 730//1129 696//1129
f 729//1130 730//1130 694//1130
f 696//1131 731//1131 697//1131
f 730//1132 731//1132 696//1132
f 697//1133 732//1133 698//1133
f 698//1134 732//1134 699//1134
f 731//1135 732//1135 697//1135
f 699//1136 733//1136 700//1136
f 732//1137 733//1137 699//1137
f 700//1138 734//1138 701//1138
f 701//1139 734//1139 702//1139
f 733//1140 734//1140 700//1140
f 734//1141 735//1141 702//1141
f 702//1142 735//1142 703//1142
f 720//1143 719//1143 348//1143
f 718//1144 348//1144 719//1144
f 717//1145 348//1145 718//1145
f 721//1146 720//1146 348//1146
f 722//1147 721//1147 348//1147
f 716//1148 348//1148 717//1148
f 723//1149 722//1149 348//1149
f 715//1150 348//1150 716//1150
f 724//1151 723//1151 348//1151
f 714//1152 348//1152 715//1152
f 725//1153 724//1153 348//1153
f 713//1154 348//1154 714//1154
f 726//1155 725//1155 348//1155
f 712//1156 348//1156 713//1156
f 727//1157 726//1157 348//1157
f 711//1158 348//1158 712//1158
f 728//1159 727//1159 348//1159
f 710//1160 348//1160 711//1160
f 729//1161 728//1161 348//1161
f 709//1162 348//1162 710//1162
f 730//1163 729//1163 348//1163
f 708//1164 348//1164 709//1164
f 731//1165 730//1165 348//1165
f 707//1166 348//1166 708//1166
f 732//1167 731//1167 348//1167
f 706//1168 348//1168 707//1168
f 733//1169 732//1169 348//1169
f 705//1170 348//1170 706//1170
f 734//1171 733//1171 348//1171
f 704//1172 348//1172 705//1172
f 735//1173 734//1173 348//1173
f 245//1174 348//1174 704//1174
f 352//1175 735//1175 348//1175
f 736//1176 735//1176 352//1176
f 248//1177 244//1177 737//1177
f 248//1178 737//1178 738//1178
f 248//1179 738//1179 739//1179
f 248//1180 739//1180 740//1180
f 248//1181 740//1181 741//1181
f 248//1182 741//1182 742//1182
f 248//1183 742//1183 743//1183
f 248//1184 743//1184 744//1184
f 248//1185 744//1185 745//1185
f 248//1186 745//1186 746//1186
f 248//1187 746//1187 747//1187
f 248//1188 747//1188 748//1188
f 248//1189 748//1189 749//1189
f 248//1190 749//1190 750//1190
f 248//1191 750//1191 751//1191
f 248//1192 751//1192 752//1192
f 248//1193 752//1193 753//1193
f 248//1194 753//1194 754//1194
f 248//1195 754//1195 755//1195
f 248//1196 755//1196 756//1196
f 248//1197 756//1197 757//1197
f 248//1198 757//1198 758//1198
f 248//1199 758//1199 759//1199
f 248//1200 759//1200 760//1200
f 248//1201 760//1201 761//1201
f 248//1202 761//1202 762//1202
f 248//1203 762//1203 763//1203
f 248//1204 763//1204 764//1204
f 248//1205 764//1205 765//1205
f 248//1206 765//1206 766//1206
f 767//1207 248//1207 766//1207
f 768//1208 248//1208 767//1208
f 279//1209 248//1209 768//1209
f 279//1210 768//1210 769//1210
f 248//1211 348//1211 245//1211
f 248//1212 245//1212 244//1212
f 244//1213 241//1213 737//1213
f 737//1214 770//1214 738//1214
f 241//1215 770//1215 737//1215
f 738//1216 771//1216 739//1216
f 739//1217 771//1217 740//1217
f 770//1218 771//1218 738//1218
f 740//1219 772//1219 741//1219
f 771//1220 772//1220 740//1220
f 741//1221 773//1221 742//1221
f 772//1222 773//1222 741//1222
f 742//1223 774//1223 743//1223
f 773//1224 774//1224 742//1224
f 743//1225 775//1225 744//1225
f 774//1226 775//1226 743//1226
f 775//1227 776//1227 744//1227
f 744//1228 776//1228 745//1228
f 745//1229 776//1229 746//1229
f 776//1230 777//1230 746//1230
f 746//1231 777//1231 747//1231
f 747//1232 778//1232 748//1232
f 777//1233 778//1233 747//1233
f 778//1234 779//1234 748//1234
f 748//1235 779//1235 749//1235
f 749//1236 780//1236 750//1236
f 779//1237 780//1237 749//1237
f 750//1238 781//1238 751//1238
f 780//1239 781//1239 750//1239
f 751//1240 782//1240 752//1240
f 781//1241 782//1241 751//1241
f 752//1242 783//1242 753//1242
f 782//1243 783//1243 752//1243
f 753//1244 784//1244 754//1244
f 783//1245 784//1245 753//1245
f 754//1246 785//1246 755//1246
f 784//1247 785//1247 754//1247
f 755//1248 786//1248 756//1248
f 785//1249 786//1249 755//1249
f 756//1250 787//1250 757//1250
f 786//1251 787//1251 756//1251
f 787//1252 788//1252 757//1252
f 757//1253 789//1253 758//1253
f 788//1254 789//1254 757//1254
f 758//1255 790//1255 759//1255
f 789//1256 790//1256 758//1256
f 759//1257 791//1257 760//1257
f 790//1258 791//1258 759//1258
f 791//1259 792//1259 760//1259
f 760//1260 793//1260 761//1260
f 792//1261 793//1261 760//1261
f 761//1262 794//1262 762//1262
f 793//1263 794//1263 761//1263
f 762//1264 795//1264 763//1264
f 794//1265 795//1265 762//1265
f 795//1266 796//1266 763//1266
f 763//1267 797//1267 764//1267
f 796//1268 797//1268 763//1268
f 764//1269 798//1269 765//1269
f 797//1270 798//1270 764//1270
f 798//1271 799//1271 765//1271
f 765//1272 800//1272 766//1272
f 799//1273 800//1273 765//1273
f 766//1274 801//1274 767//1274
f 800//1275 801//1275 766//1275
f 801//1276 802//1276 767//1276
f 802//1277 803//1277 767//1277
f 767//1278 803//1278 768//1278
f 803//1279 804//1279 768//1279
f 241//1280 277//1280 770//1280
f 242//1281 277//1281 241//1281
f 770//1282 275//1282 771//1282
f 277//1283 275//1283 770//1283
f 275//1284 273//1284 771//1284
f 771//1285 271//1285 772//1285
f 273//1286 271//1286 771//1286
f 772//1287 269//1287 773//1287
f 271//1288 269//1288 772//1288
f 773//1289 267//1289 774//1289
f 269//1290 267//1290 773//1290
f 774//1291 265//1291 775//1291
f 267//1292 265//1292 774//1292
f 265//1293 263//1293 775//1293
f 775//1294 263//1294 776//1294
f 263//1295 261//1295 776//1295
f 776//1296 259//1296 777//1296
f 261//1297 259//1297 776//1297
f 777//1298 257//1298 778//1298
f 259//1299 257//1299 777//1299
f 778//1300 255//1300 779//1300
f 257//1301 255//1301 778//1301
f 779//1302 253//1302 780//1302
f 255//1303 253//1303 779//1303
f 780//1304 250//1304 781//1304
f 253//1305 250//1305 780//1305
f 781//1306 249//1306 782//1306
f 250//1307 249//1307 781//1307
f 782//1308 247//1308 783//1308
f 249//1309 247//1309 782//1309
f 783//1310 246//1310 784//1310
f 247//1311 246//1311 783//1311
f 784//1312 251//1312 785//1312
f 246//1313 251//1313 784//1313
f 785//1314 252//1314 786//1314
f 251//1315 252//1315 785//1315
f 786//1316 254//1316 787//1316
f 252//1317 254//1317 786//1317
f 787//1318 256//1318 788//1318
f 788//1319 256//1319 789//1319
f 254//1320 256//1320 787//1320
f 789//1321 258//1321 790//1321
f 256//1322 258//1322 789//1322
f 790//1323 260//1323 791//1323
f 258//1324 260//1324 790//1324
f 791//1325 262//1325 792//1325
f 792//1326 262//1326 793//1326
f 260//1327 262//1327 791//1327
f 793//1328 264//1328 794//1328
f 262//1329 264//1329 793//1329
f 794//1330 266//1330 795//1330
f 264//1331 266//1331 794//1331
f 795//1332 268//1332 796//1332
f 796//1333 268//1333 797//1333
f 266//1334 268//1334 795//1334
f 797//1335 270//1335 798//1335
f 268//1336 270//1336 797//1336
f 798//1337 272//1337 799//1337
f 799//1338 272//1338 800//1338
f 270//1339 272//1339 798//1339
f 800//1340 274//1340 801//1340
f 272//1341 274//1341 800//1341
f 801//1342 276//1342 802//1342
f 802//1343 276//1343 803//1343
f 274//1344 276//1344 801//1344
f 276//1345 278//1345 803//1345
f 803//1346 278//1346 804//1346
f 804//1347 278//1347 805//1347
f 805//1348 278//1348 280//1348
f 806//1349 805//1349 807//1349
f 808//1350 807//1350 805//1350
f 809//1351 805//1351 806//1351
f 810//1352 808//1352 805//1352
f 811//1353 805//1353 809//1353
f 812//1354 810//1354 805//1354
f 813//1355 805//1355 811//1355
f 814//1356 812//1356 805//1356
f 815//1357 805//1357 813//1357
f 816//1358 814//1358 805//1358
f 817//1359 805//1359 815//1359
f 818//1360 816//1360 805//1360
f 819//1361 805//1361 817//1361
f 820//1362 818//1362 805//1362
f 821//1363 805//1363 819//1363
f 822//1364 820//1364 805//1364
f 823//1365 805//1365 821//1365
f 824//1366 822//1366 805//1366
f 825//1367 805//1367 823//1367
f 826//1368 824//1368 805//1368
f 827//1369 805//1369 825//1369
f 828//1370 826//1370 805//1370
f 829//1371 805//1371 827//1371
f 830//1372 828//1372 805//1372
f 831//1373 805//1373 829//1373
f 832//1374 830//1374 805//1374
f 833//1375 805//1375 831//1375
f 834//1376 832//1376 805//1376
f 835//1377 805//1377 833//1377
f 836//1378 834//1378 805//1378
f 837//1379 805//1379 835//1379
f 838//1380 836//1380 805//1380
f 280//1381 839//1381 840//1381
f 280//1382 841//1382 839//1382
f 280//1383 842//1383 841//1383
f 280//1384 843//1384 842//1384
f 280//1385 844//1385 843//1385
f 280//1386 845//1386 844//1386
f 280//1387 846//1387 845//1387
f 280//1388 847//1388 846//1388
f 280//1389 848//1389 847//1389
f 280//1390 849//1390 848//1390
f 280//1391 850//1391 849//1391
f 280//1392 851//1392 850//1392
f 280//1393 852//1393 851//1393
f 280//1394 853//1394 852//1394
f 280//1395 838//1395 805//1395
f 280//1396 840//1396 838//1396
f 769//1397 854//1397 855//1397
f 769//1398 856//1398 854//1398
f 769//1399 857//1399 856//1399
f 769//1400 858//1400 857//1400
f 769//1401 859//1401 858//1401
f 769//1402 860//1402 859//1402
f 769//1403 861//1403 860//1403
f 769//1404 862//1404 861//1404
f 769//1405 863//1405 862//1405
f 769//1406 864//1406 863//1406
f 769//1407 865//1407 864//1407
f 769//1408 866//1408 865//1408
f 769//1409 867//1409 866//1409
f 769//1410 868//1410 867//1410
f 769//1411 837//1411 868//1411
f 769//1412 805//1412 837//1412
f 869//1413 769//1413 855//1413
f 870//1414 853//1414 280//1414
f 871//1415 769//1415 869//1415
f 872//1416 870//1416 280//1416
f 873//1417 769//1417 871//1417
f 874//1418 872//1418 280//1418
f 875//1419 769//1419 873//1419
f 876//1420 874//1420 280//1420
f 877//1421 769//1421 875//1421
f 878//1422 876//1422 280//1422
f 879//1423 769//1423 877//1423
f 880//1424 878//1424 280//1424
f 881//1425 769//1425 879//1425
f 882//1426 880//1426 280//1426
f 883//1427 769//1427 881//1427
f 884//1428 882//1428 280//1428
f 885//1429 769//1429 883//1429
f 886//1430 884//1430 280//1430
f 887//1431 769//1431 885//1431
f 888//1432 886//1432 280//1432
f 889//1433 769//1433 887//1433
f 890//1434 888//1434 280//1434
f 891//1435 769//1435 889//1435
f 892//1436 890//1436 280//1436
f 893//1437 769//1437 891//1437
f 894//1438 892//1438 280//1438
f 895//1439 769//1439 893//1439
f 896//1440 894//1440 280//1440
f 897//1441 769//1441 895//1441
f 898//1442 896//1442 280//1442
f 899//1443 769//1443 897//1443
f 900//1444 898//1444 280//1444
f 279//1445 901//1445 900//1445
f 279//1446 902//1446 901//1446
f 279//1447 903//1447 902//1447
f 279//1448 904//1448 903//1448
f 279//1449 905//1449 904//1449
f 279//1450 906//1450 905//1450
f 279//1451 907//1451 906//1451
f 279//1452 908//1452 907//1452
f 279//1453 909//1453 908//1453
f 279//1454 910//1454 909//1454
f 279//1455 911//1455 910//1455
f 279//1456 912//1456 911//1456
f 279//1457 900//1457 280//1457
f 279//1458 913//1458 912//1458
f 279//1459 914//1459 913//1459
f 279//1460 915//1460 914//1460
f 279//1461 916//1461 915//1461
f 279//1462 917//1462 916//1462
f 279//1463 918//1463 917//1463
f 279//1464 769//1464 899//1464
f 279//1465 919//1465 918//1465
f 279//1466 920//1466 919//1466
f 279//1467 921//1467 920//1467
f 279//1468 922//1468 921//1468
f 279//1469 923//1469 922//1469
f 279//1470 924//1470 923//1470
f 279//1471 925//1471 924//1471
f 279//1472 926//1472 925//1472
f 279//1473 927//1473 926//1473
f 279//1474 928//1474 927//1474
f 279//1475 929//1475 928//1475
f 279//1476 930//1476 929//1476
f 279//1477 931//1477 930//1477
f 279//1478 899//1478 931//1478
f 347//1479 384//1479 349//1479
f 349//1480 384//1480 385//1480
f 350//1481 703//1481 351//1481
f 351//1482 703//1482 932//1482
f 933//1483 351//1483 934//1483
f 935//1484 934//1484 351//1484
f 936//1485 351//1485 933//1485
f 937//1486 935//1486 351//1486
f 938//1487 351//1487 936//1487
f 939//1488 937//1488 351//1488
f 940//1489 351//1489 938//1489
f 941//1490 939//1490 351//1490
f 942//1491 351//1491 940//1491
f 943//1492 941//1492 351//1492
f 944//1493 351//1493 942//1493
f 945//1494 943//1494 351//1494
f 946//1495 351//1495 944//1495
f 947//1496 945//1496 351//1496
f 948//1497 351//1497 946//1497
f 949//1498 947//1498 351//1498
f 950//1499 351//1499 948//1499
f 951//1500 949//1500 351//1500
f 952//1501 351//1501 950//1501
f 953//1502 951//1502 351//1502
f 954//1503 351//1503 952//1503
f 955//1504 953//1504 351//1504
f 956//1505 351//1505 954//1505
f 957//1506 955//1506 351//1506
f 958//1507 351//1507 956//1507
f 959//1508 957//1508 351//1508
f 960//1509 351//1509 958//1509
f 961//1510 959//1510 351//1510
f 962//1511 351//1511 960//1511
f 963//1512 961//1512 351//1512
f 964//1513 351//1513 962//1513
f 352//1514 965//1514 966//1514
f 352//1515 967//1515 965//1515
f 352//1516 968//1516 967//1516
f 352//1517 969//1517 968//1517
f 352//1518 970//1518 969//1518
f 352//1519 971//1519 970//1519
f 352//1520 972//1520 971//1520
f 352//1521 973//1521 972//1521
f 352//1522 974//1522 973//1522
f 352//1523 975//1523 974//1523
f 352//1524 976//1524 975//1524
f 352//1525 977//1525 976//1525
f 352//1526 978//1526 977//1526
f 352//1527 979//1527 978//1527
f 352//1528 964//1528 979//1528
f 352//1529 351//1529 964//1529
f 932//1530 980//1530 981//1530
f 932//1531 982//1531 980//1531
f 932//1532 983//1532 982//1532
f 932//1533 984//1533 983//1533
f 932//1534 985//1534 984//1534
f 932//1535 986//1535 985//1535
f 932//1536 987//1536 986//1536
f 932//1537 988//1537 987//1537
f 932//1538 989//1538 988//1538
f 932//1539 990//1539 989//1539
f 932//1540 991//1540 990//1540
f 932//1541 992//1541 991//1541
f 932//1542 993//1542 992//1542
f 932//1543 994//1543 993//1543
f 932//1544 963//1544 351//1544
f 932//1545 995//1545 963//1545
f 932//1546 981//1546 995//1546
f 996//1547 352//1547 966//1547
f 997//1548 994//1548 932//1548
f 998//1549 352//1549 996//1549
f 999//1550 997//1550 932//1550
f 1000//1551 352//1551 998//1551
f 1001//1552 999//1552 932//1552
f 1002//1553 352//1553 1000//1553
f 1003//1554 1001//1554 932//1554
f 1004//1555 352//1555 1002//1555
f 1005//1556 1003//1556 932//1556
f 1006//1557 352//1557 1004//1557
f 1007//1558 1005//1558 932//1558
f 1008//1559 352//1559 1006//1559
f 1009//1560 1007//1560 932//1560
f 1010//1561 352//1561 1008//1561
f 1011//1562 1009//1562 932//1562
f 1012//1563 352//1563 1010//1563
f 1013//1564 1011//1564 932//1564
f 1014//1565 352//1565 1012//1565
f 1015//1566 1013//1566 932//1566
f 1016//1567 352//1567 1014//1567
f 1017//1568 1015//1568 932//1568
f 1018//1569 352//1569 1016//1569
f 1019//1570 1017//1570 932//1570
f 1020//1571 352//1571 1018//1571
f 1021//1572 1019//1572 932//1572
f 1022//1573 352//1573 1020//1573
f 1023//1574 1021//1574 932//1574
f 1024//1575 352//1575 1022//1575
f 1025//1576 1023//1576 932//1576
f 1026//1577 352//1577 1024//1577
f 1027//1578 1025//1578 932//1578
f 1028//1579 352//1579 1026//1579
f 736//1580 1029//1580 1027//1580
f 736//1581 1030//1581 1029//1581
f 736//1582 1031//1582 1030//1582
f 736//1583 1032//1583 1031//1583
f 736//1584 1033//1584 1032//1584
f 736//1585 1034//1585 1033//1585
f 736//1586 1035//1586 1034//1586
f 736//1587 1036//1587 1035//1587
f 736//1588 1037//1588 1036//1588
f 736//1589 1038//1589 1037//1589
f 736//1590 1039//1590 1038//1590
f 736//1591 1040//1591 1039//1591
f 736//1592 1041//1592 1040//1592
f 736//1593 1042//1593 1041//1593
f 736//1594 1043//1594 1042//1594
f 736//1595 1044//1595 1043//1595
f 736//1596 1045//1596 1044//1596
f 736//1597 1027//1597 932//1597
f 736//1598 1046//1598 1045//1598
f 736//1599 1047//1599 1046//1599
f 736//1600 1048//1600 1047//1600
f 736//1601 1049//1601 1048//1601
f 736//1602 1050//1602 1049//1602
f 736//1603 352//1603 1028//1603
f 736//1604 1051//1604 1050//1604
f 736//1605 1052//1605 1051//1605
f 736//1606 1053//1606 1052//1606
f 736//1607 1054//1607 1053//1607
f 736//1608 1055//1608 1054//1608
f 736//1609 1056//1609 1055//1609
f 736//1610 1057//1610 1056//1610
f 736//1611 1058//1611 1057//1611
f 736//1612 1028//1612 1058//1612
f 1059//1613 1060//1613 511//1613
f 1059//1614 511//1614 513//1614
f 1061//1615 513//1615 514//1615
f 1061//1616 1059//1616 513//1616
f 1062//1617 514//1617 515//1617
f 1062//1618 515//1618 516//1618
f 1062//1619 1061//1619 514//1619
f 1063//1620 1062//1620 516//1620
f 1064//1621 516//1621 517//1621
f 1064//1622 1063//1622 516//1622
f 1065//1623 517//1623 518//1623
f 1065//1624 518//1624 519//1624
f 1065//1625 1064//1625 517//1625
f 1066//1626 519//1626 520//1626
f 1066//1627 1065//1627 519//1627
f 1067//1628 1066//1628 520//1628
f 1068//1629 520//1629 521//1629
f 1068//1630 1067//1630 520//1630
f 1069//1631 521//1631 522//1631
f 1069//1632 1068//1632 521//1632
f 1070//1633 1069//1633 522//1633
f 1070//1634 522//1634 523//1634
f 1071//1635 1070//1635 523//1635
f 1071//1636 523//1636 524//1636
f 1071//1637 524//1637 525//1637
f 1072//1638 1071//1638 525//1638
f 1073//1639 1072//1639 525//1639
f 1073//1640 525//1640 526//1640
f 1074//1641 526//1641 527//1641
f 1074//1642 1073//1642 526//1642
f 1075//1643 527//1643 528//1643
f 1075//1644 528//1644 529//1644
f 1075//1645 1074//1645 527//1645
f 1076//1646 1075//1646 529//1646
f 1077//1647 529//1647 530//1647
f 1077//1648 1076//1648 529//1648
f 1078//1649 530//1649 531//1649
f 1078//1650 531//1650 532//1650
f 1078//1651 1077//1651 530//1651
f 1079//1652 1078//1652 532//1652
f 1080//1653 532//1653 533//1653
f 1080//1654 533//1654 534//1654
f 1080//1655 1079//1655 532//1655
f 1081//1656 534//1656 535//1656
f 1081//1657 1080//1657 534//1657
f 1082//1658 535//1658 536//1658
f 1082//1659 1081//1659 535//1659
f 1083//1660 1082//1660 536//1660
f 1084//1661 536//1661 537//1661
f 1084//1662 1083//1662 536//1662
f 1085//1663 537//1663 538//1663
f 1085//1664 538//1664 539//1664
f 1085//1665 1084//1665 537//1665
f 1086//1666 1085//1666 539//1666
f 1087//1667 539//1667 540//1667
f 1087//1668 1086//1668 539//1668
f 1088//1669 540//1669 541//1669
f 1088//1670 1087//1670 540//1670
f 1089//1671 541//1671 542//1671
f 1089//1672 1088//1672 541//1672
f 1090//1673 542//1673 512//1673
f 1090//1674 512//1674 510//1674
f 1090//1675 1089//1675 542//1675
f 1091//1676 1090//1676 510//1676
f 1092//1677 510//1677 508//1677
f 1092//1678 1091//1678 510//1678
f 1093//1679 508//1679 506//1679
f 1093//1680 1092//1680 508//1680
f 1094//1681 506//1681 504//1681
f 1094//1682 1093//1682 506//1682
f 1095//1683 504//1683 502//1683
f 1095//1684 1094//1684 504//1684
f 1096//1685 502//1685 500//1685
f 1096//1686 1095//1686 502//1686
f 1097//1687 1096//1687 500//1687
f 1097//1688 500//1688 498//1688
f 1098//1689 1097//1689 498//1689
f 1098//1690 498//1690 496//1690
f 1098//1691 496//1691 494//1691
f 1099//1692 1098//1692 494//1692
f 1100//1693 1099//1693 494//1693
f 1100//1694 494//1694 492//1694
f 1101//1695 1100//1695 492//1695
f 1101//1696 492//1696 490//1696
f 1102//1697 1101//1697 490//1697
f 1102//1698 490//1698 488//1698
f 1103//1699 1102//1699 488//1699
f 1103//1700 488//1700 486//1700
f 1104//1701 1103//1701 486//1701
f 1104//1702 486//1702 484//1702
f 1104//1703 484//1703 482//1703
f 1105//1704 1104//1704 482//1704
f 1105//1705 482//1705 480//1705
f 1106//1706 1105//1706 480//1706
f 1107//1707 480//1707 450//1707
f 1107//1708 1106//1708 480//1708
f 1108//1709 450//1709 449//1709
f 1108//1710 1107//1710 450//1710
f 1109//1711 449//1711 451//1711
f 1109//1712 1108//1712 449//1712
f 1110//1713 451//1713 452//1713
f 1110//1714 1109//1714 451//1714
f 1111//1715 452//1715 453//1715
f 1111//1716 1110//1716 452//1716
f 1112//1717 453//1717 454//1717
f 1112//1718 1111//1718 453//1718
f 1113//1719 454//1719 455//1719
f 1113//1720 1112//1720 454//1720
f 1114//1721 455//1721 456//1721
f 1114//1722 1113//1722 455//1722
f 1115//1723 456//1723 457//1723
f 1115//1724 1114//1724 456//1724
f 1116//1725 457//1725 458//1725
f 1116//1726 1115//1726 457//1726
f 1117//1727 458//1727 459//1727
f 1117//1728 1116//1728 458//1728
f 1118//1729 459//1729 460//1729
f 1118//1730 1117//1730 459//1730
f 1119//1731 460//1731 461//1731
f 1119//1732 1118//1732 460//1732
f 1120//1733 461//1733 462//1733
f 1120//1734 1119//1734 461//1734
f 1121//1735 1120//1735 462//1735
f 1121//1736 462//1736 463//1736
f 1122//1737 1121//1737 463//1737
f 1122//1738 463//1738 448//1738
f 1123//1739 1122//1739 448//1739
f 1123//1740 448//1740 446//1740
f 1124//1741 1123//1741 446//1741
f 1124//1742 446//1742 444//1742
f 1125//1743 1124//1743 444//1743
f 1125//1744 444//1744 442//1744
f 1126//1745 1125//1745 442//1745
f 1126//1746 442//1746 440//1746
f 1127//1747 1126//1747 440//1747
f 1127//1748 440//1748 438//1748
f 1128//1749 1127//1749 438//1749
f 1128//1750 438//1750 436//1750
f 1129//1751 1128//1751 436//1751
f 1129//1752 436//1752 434//1752
f 1130//1753 1129//1753 434//1753
f 1130//1754 434//1754 432//1754
f 1131//1755 1130//1755 432//1755
f 1131//1756 432//1756 430//1756
f 1132//1757 1131//1757 430//1757
f 1132//1758 430//1758 428//1758
f 1133//1759 1132//1759 428//1759
f 1133//1760 428//1760 426//1760
f 1134//1761 1133//1761 426//1761
f 1134//1762 426//1762 424//1762
f 1135//1763 1134//1763 424//1763
f 1135//1764 424//1764 422//1764
f 1136//1765 1135//1765 422//1765
f 1136//1766 422//1766 420//1766
f 1137//1767 1136//1767 420//1767
f 1137//1768 420//1768 417//1768
f 1137//1769 417//1769 418//1769
f 1138//1770 1137//1770 418//1770
f 1138//1771 418//1771 419//1771
f 1139//1772 1138//1772 419//1772
f 1140//1773 1139//1773 419//1773
f 1140//1774 419//1774 421//1774
f 1140//1775 421//1775 423//1775
f 1141//1776 1140//1776 423//1776
f 1142//1777 423//1777 425//1777
f 1142//1778 1141//1778 423//1778
f 1143//1779 425//1779 427//1779
f 1143//1780 427//1780 429//1780
f 1143//1781 1142//1781 425//1781
f 1144//1782 429//1782 431//1782
f 1144//1783 1143//1783 429//1783
f 1145//1784 1144//1784 431//1784
f 1146//1785 431//1785 433//1785
f 1146//1786 1145//1786 431//1786
f 1147//1787 1146//1787 433//1787
f 1147//1788 433//1788 435//1788
f 1148//1789 1147//1789 435//1789
f 1148//1790 435//1790 437//1790
f 1149//1791 1148//1791 437//1791
f 1149//1792 437//1792 439//1792
f 1150//1793 1149//1793 439//1793
f 1150//1794 439//1794 441//1794
f 1151//1795 1150//1795 441//1795
f 1151//1796 441//1796 443//1796
f 1152//1797 1151//1797 443//1797
f 1152//1798 443//1798 445//1798
f 1153//1799 1152//1799 445//1799
f 1153//1800 445//1800 447//1800
f 1154//1801 1153//1801 447//1801
f 1154//1802 447//1802 479//1802
f 1154//1803 479//1803 465//1803
f 1155//1804 1154//1804 465//1804
f 1156//1805 1155//1805 465//1805
f 1156//1806 465//1806 464//1806
f 1157//1807 1156//1807 464//1807
f 1157//1808 464//1808 466//1808
f 1158//1809 1157//1809 466//1809
f 1158//1810 466//1810 467//1810
f 1159//1811 467//1811 468//1811
f 1159//1812 1158//1812 467//1812
f 1160//1813 468//1813 469//1813
f 1160//1814 469//1814 470//1814
f 1160//1815 1159//1815 468//1815
f 1161//1816 1160//1816 470//1816
f 1162//1817 470//1817 471//1817
f 1162//1818 1161//1818 470//1818
f 1163//1819 471//1819 472//1819
f 1163//1820 472//1820 473//1820
f 1163//1821 1162//1821 471//1821
f 1164//1822 473//1822 474//1822
f 1164//1823 1163//1823 473//1823
f 1165//1824 1164//1824 474//1824
f 1166//1825 474//1825 475//1825
f 1166//1826 1165//1826 474//1826
f 1167//1827 475//1827 476//1827
f 1167//1828 476//1828 477//1828
f 1167//1829 1166//1829 475//1829
f 1168//1830 1167//1830 477//1830
f 1169//1831 477//1831 478//1831
f 1169//1832 1168//1832 477//1832
f 1170//1833 478//1833 481//1833
f 1170//1834 1169//1834 478//1834
f 1171//1835 1170//1835 481//1835
f 1171//1836 481//1836 483//1836
f 1172//1837 1171//1837 483//1837
f 1172//1838 483//1838 485//1838
f 1173//1839 1172//1839 485//1839
f 1173//1840 485//1840 487//1840
f 1173//1841 487//1841 489//1841
f 1174//1842 1173//1842 489//1842
f 1175//1843 1174//1843 489//1843
f 1175//1844 489//1844 491//1844
f 1176//1845 491//1845 493//1845
f 1176//1846 493//1846 495//1846
f 1176//1847 1175//1847 491//1847
f 1177//1848 1176//1848 495//1848
f 1178//1849 495//1849 497//1849
f 1178//1850 1177//1850 495//1850
f 1179//1851 497//1851 499//1851
f 1179//1852 1178//1852 497//1852
f 1180//1853 499//1853 501//1853
f 1180//1854 1179//1854 499//1854
f 1181//1855 501//1855 503//1855
f 1181//1856 1180//1856 501//1856
f 1182//1857 503//1857 505//1857
f 1182//1858 505//1858 507//1858
f 1182//1859 1181//1859 503//1859
f 1183//1860 1182//1860 507//1860
f 1184//1861 507//1861 509//1861
f 1184//1862 509//1862 511//1862
f 1184//1863 1183//1863 507//1863
f 1060//1864 1184//1864 511//1864
f 620//1865 621//1865 622//1865
f 618//1866 619//1866 620//1866
f 627//1867 623//1867 624//1867
f 627//1868 624//1868 625//1868
f 627//1869 625//1869 626//1869
f 616//1870 618//1870 620//1870
f 616//1871 617//1871 618//1871
f 629//1872 627//1872 628//1872
f 614//1873 615//1873 616//1873
f 630//1874 627//1874 629//1874
f 631//1875 627//1875 630//1875
f 612//1876 614//1876 616//1876
f 612//1877 613//1877 614//1877
f 633//1878 631//1878 632//1878
f 609//1879 610//1879 611//1879
f 609//1880 611//1880 612//1880
f 635//1881 633//1881 634//1881
f 607//1882 608//1882 609//1882
f 607//1883 609//1883 612//1883
f 637//1884 633//1884 635//1884
f 637//1885 635//1885 636//1885
f 639//1886 627//1886 631//1886
f 639//1887 631//1887 633//1887
f 639//1888 633//1888 637//1888
f 639//1889 637//1889 638//1889
f 604//1890 605//1890 606//1890
f 603//1891 606//1891 607//1891
f 603//1892 604//1892 606//1892
f 641//1893 639//1893 640//1893
f 601//1894 602//1894 603//1894
f 643//1895 641//1895 642//1895
f 644//1896 639//1896 641//1896
f 644//1897 641//1897 643//1897
f 644//1898 627//1898 639//1898
f 599//1899 601//1899 603//1899
f 599//1900 600//1900 601//1900
f 646//1901 644//1901 645//1901
f 648//1902 646//1902 647//1902
f 648//1903 644//1903 646//1903
f 595//1904 596//1904 597//1904
f 595//1905 597//1905 598//1905
f 650//1906 648//1906 649//1906
f 650//1907 644//1907 648//1907
f 651//1908 627//1908 644//1908
f 651//1909 644//1909 650//1909
f 651//1910 623//1910 627//1910
f 651//1911 622//1911 623//1911
f 591//1912 592//1912 593//1912
f 591//1913 593//1913 594//1913
f 655//1914 651//1914 652//1914
f 655//1915 652//1915 653//1915
f 655//1916 653//1916 654//1916
f 587//1917 588//1917 589//1917
f 587//1918 589//1918 590//1918
f 587//1919 590//1919 591//1919
f 657//1920 655//1920 656//1920
f 657//1921 622//1921 651//1921
f 657//1922 616//1922 620//1922
f 657//1923 620//1923 622//1923
f 657//1924 651//1924 655//1924
f 657//1925 612//1925 616//1925
f 586//1926 587//1926 591//1926
f 584//1927 585//1927 586//1927
f 660//1928 658//1928 659//1928
f 583//1929 584//1929 586//1929
f 662//1930 660//1930 661//1930
f 662//1931 658//1931 660//1931
f 581//1932 582//1932 583//1932
f 663//1933 657//1933 658//1933
f 663//1934 612//1934 657//1934
f 663//1935 658//1935 662//1935
f 579//1936 580//1936 581//1936
f 579//1937 581//1937 583//1937
f 665//1938 663//1938 664//1938
f 665//1939 612//1939 663//1939
f 665//1940 607//1940 612//1940
f 577//1941 578//1941 579//1941
f 667//1942 665//1942 666//1942
f 575//1943 577//1943 579//1943
f 575//1944 576//1944 577//1944
f 544//1945 667//1945 668//1945
f 574//1946 575//1946 579//1946
f 574//1947 579//1947 583//1947
f 572//1948 573//1948 574//1948
f 546//1949 544//1949 543//1949
f 546//1950 543//1950 545//1950
f 546//1951 603//1951 607//1951
f 546//1952 665//1952 667//1952
f 546//1953 667//1953 544//1953
f 546//1954 607//1954 665//1954
f 570//1955 572//1955 574//1955
f 570//1956 571//1956 572//1956
f 548//1957 546//1957 547//1957
f 549//1958 599//1958 603//1958
f 549//1959 603//1959 546//1959
f 549//1960 546//1960 548//1960
f 568//1961 569//1961 570//1961
f 550//1962 599//1962 549//1962
f 550//1963 598//1963 599//1963
f 566//1964 574//1964 583//1964
f 566//1965 570//1965 574//1965
f 566//1966 567//1966 568//1966
f 566//1967 568//1967 570//1967
f 566//1968 583//1968 586//1968
f 554//1969 550//1969 551//1969
f 554//1970 551//1970 552//1970
f 554//1971 552//1971 553//1971
f 554//1972 598//1972 550//1972
f 555//1973 595//1973 598//1973
f 555//1974 598//1974 554//1974
f 562//1975 563//1975 564//1975
f 562//1976 564//1976 565//1976
f 562//1977 565//1977 566//1977
f 558//1978 555//1978 556//1978
f 558//1979 556//1979 557//1979
f 558//1980 594//1980 595//1980
f 558//1981 591//1981 594//1981
f 558//1982 595//1982 555//1982
f 559//1983 560//1983 561//1983
f 559//1984 561//1984 562//1984
f 559//1985 562//1985 566//1985
f 559//1986 566//1986 586//1986
f 559//1987 586//1987 591//1987
f 559//1988 591//1988 558//1988
f 703//1989 735//1989 932//1989
f 932//1990 735//1990 736//1990
f 768//1991 804//1991 769//1991
f 769//1992 804//1992 805//1992
f 1185//1993 1186//1993 900//1993
f 1185//1994 900//1994 901//1994
f 1187//1995 901//1995 902//1995
f 1187//1996 1185//1996 901//1996
f 1188//1997 902//1997 903//1997
f 1188//1998 903//1998 904//1998
f 1188//1999 1187//1999 902//1999
f 1189//2000 1188//2000 904//2000
f 1190//2001 904//2001 905//2001
f 1190//2002 1189//2002 904//2002
f 1191//2003 905//2003 906//2003
f 1191//2004 906//2004 907//2004
f 1191//2005 1190//2005 905//2005
f 1192//2006 907//2006 908//2006
f 1192//2007 1191//2007 907//2007
f 1193//2008 1192//2008 908//2008
f 1194//2009 908//2009 909//2009
f 1194//2010 1193//2010 908//2010
f 1195//2011 909//2011 910//2011
f 1195//2012 1194//2012 909//2012
f 1196//2013 1195//2013 910//2013
f 1196//2014 910//2014 911//2014
f 1197//2015 1196//2015 911//2015
f 1197//2016 911//2016 912//2016
f 1197//2017 912//2017 913//2017
f 1198//2018 1197//2018 913//2018
f 1199//2019 1198//2019 913//2019
f 1199//2020 913//2020 914//2020
f 1200//2021 914//2021 915//2021
f 1200//2022 1199//2022 914//2022
f 1201//2023 915//2023 916//2023
f 1201//2024 916//2024 917//2024
f 1201//2025 1200//2025 915//2025
f 1202//2026 1201//2026 917//2026
f 1203//2027 917//2027 918//2027
f 1203//2028 1202//2028 917//2028
f 1204//2029 918//2029 919//2029
f 1204//2030 919//2030 920//2030
f 1204//2031 1203//2031 918//2031
f 1205//2032 1204//2032 920//2032
f 1206//2033 920//2033 921//2033
f 1206//2034 921//2034 922//2034
f 1206//2035 1205//2035 920//2035
f 1207//2036 922//2036 923//2036
f 1207//2037 1206//2037 922//2037
f 1208//2038 923//2038 924//2038
f 1208//2039 1207//2039 923//2039
f 1209//2040 1208//2040 924//2040
f 1210//2041 924//2041 925//2041
f 1210//2042 1209//2042 924//2042
f 1211//2043 925//2043 926//2043
f 1211//2044 926//2044 927//2044
f 1211//2045 1210//2045 925//2045
f 1212//2046 1211//2046 927//2046
f 1213//2047 927//2047 928//2047
f 1213//2048 1212//2048 927//2048
f 1214//2049 928//2049 929//2049
f 1214//2050 1213//2050 928//2050
f 1215//2051 929//2051 930//2051
f 1215//2052 1214//2052 929//2052
f 1216//2053 930//2053 931//2053
f 1216//2054 931//2054 899//2054
f 1216//2055 1215//2055 930//2055
f 1217//2056 1216//2056 899//2056
f 1218//2057 899//2057 897//2057
f 1218//2058 1217//2058 899//2058
f 1219//2059 897//2059 895//2059
f 1219//2060 1218//2060 897//2060
f 1220//2061 895//2061 893//2061
f 1220//2062 1219//2062 895//2062
f 1221//2063 893//2063 891//2063
f 1221//2064 1220//2064 893//2064
f 1222//2065 891//2065 889//2065
f 1222//2066 1221//2066 891//2066
f 1223//2067 1222//2067 889//2067
f 1223//2068 889//2068 887//2068
f 1224//2069 1223//2069 887//2069
f 1224//2070 887//2070 885//2070
f 1224//2071 885//2071 883//2071
f 1225//2072 1224//2072 883//2072
f 1226//2073 1225//2073 883//2073
f 1226//2074 883//2074 881//2074
f 1227//2075 1226//2075 881//2075
f 1227//2076 881//2076 879//2076
f 1228//2077 1227//2077 879//2077
f 1228//2078 879//2078 877//2078
f 1229//2079 1228//2079 877//2079
f 1229//2080 877//2080 875//2080
f 1230//2081 1229//2081 875//2081
f 1230//2082 875//2082 873//2082
f 1230//2083 873//2083 871//2083
f 1231//2084 1230//2084 871//2084
f 1231//2085 871//2085 869//2085
f 1232//2086 1231//2086 869//2086
f 1233//2087 869//2087 855//2087
f 1233//2088 1232//2088 869//2088
f 1234//2089 855//2089 854//2089
f 1234//2090 1233//2090 855//2090
f 1235//2091 854//2091 856//2091
f 1235//2092 1234//2092 854//2092
f 1236//2093 856//2093 857//2093
f 1236//2094 1235//2094 856//2094
f 1237//2095 857//2095 858//2095
f 1237//2096 1236//2096 857//2096
f 1238//2097 858//2097 859//2097
f 1238//2098 1237//2098 858//2098
f 1239//2099 859//2099 860//2099
f 1239//2100 1238//2100 859//2100
f 1240//2101 860//2101 861//2101
f 1240//2102 1239//2102 860//2102
f 1241//2103 861//2103 862//2103
f 1241//2104 1240//2104 861//2104
f 1242//2105 862//2105 863//2105
f 1242//2106 1241//2106 862//2106
f 1243//2107 863//2107 864//2107
f 1243//2108 1242//2108 863//2108
f 1244//2109 864//2109 865//2109
f 1244//2110 1243//2110 864//2110
f 1245//2111 865//2111 866//2111
f 1245//2112 1244//2112 865//2112
f 1246//2113 866//2113 867//2113
f 1246//2114 1245//2114 866//2114
f 1247//2115 1246//2115 867//2115
f 1247//2116 867//2116 868//2116
f 1248//2117 1247//2117 868//2117
f 1248//2118 868//2118 837//2118
f 1249//2119 1248//2119 837//2119
f 1249//2120 837//2120 835//2120
f 1250//2121 1249//2121 835//2121
f 1250//2122 835//2122 833//2122
f 1251//2123 1250//2123 833//2123
f 1251//2124 833//2124 831//2124
f 1252//2125 1251//2125 831//2125
f 1252//2126 831//2126 829//2126
f 1253//2127 1252//2127 829//2127
f 1253//2128 829//2128 827//2128
f 1254//2129 1253//2129 827//2129
f 1254//2130 827//2130 825//2130
f 1255//2131 1254//2131 825//2131
f 1255//2132 825//2132 823//2132
f 1256//2133 1255//2133 823//2133
f 1256//2134 823//2134 821//2134
f 1257//2135 1256//2135 821//2135
f 1257//2136 821//2136 819//2136
f 1258//2137 1257//2137 819//2137
f 1258//2138 819//2138 817//2138
f 1259//2139 1258//2139 817//2139
f 1259//2140 817//2140 815//2140
f 1260//2141 1259//2141 815//2141
f 1260//2142 815//2142 813//2142
f 1261//2143 1260//2143 813//2143
f 1261//2144 813//2144 811//2144
f 1262//2145 1261//2145 811//2145
f 1262//2146 811//2146 809//2146
f 1263//2147 1262//2147 809//2147
f 1263//2148 809//2148 806//2148
f 1263//2149 806//2149 807//2149
f 1264//2150 1263//2150 807//2150
f 1264//2151 807//2151 808//2151
f 1265//2152 1264//2152 808//2152
f 1266//2153 1265//2153 808//2153
f 1266//2154 808//2154 810//2154
f 1266//2155 810//2155 812//2155
f 1267//2156 1266//2156 812//2156
f 1268//2157 812//2157 814//2157
f 1268//2158 1267//2158 812//2158
f 1269//2159 814//2159 816//2159
f 1269//2160 816//2160 818//2160
f 1269//2161 1268//2161 814//2161
f 1270//2162 818//2162 820//2162
f 1270//2163 1269//2163 818//2163
f 1271//2164 1270//2164 820//2164
f 1272//2165 820//2165 822//2165
f 1272//2166 1271//2166 820//2166
f 1273//2167 1272//2167 822//2167
f 1273//2168 822//2168 824//2168
f 1274//2169 1273//2169 824//2169
f 1274//2170 824//2170 826//2170
f 1275//2171 1274//2171 826//2171
f 1275//2172 826//2172 828//2172
f 1276//2173 1275//2173 828//2173
f 1276//2174 828//2174 830//2174
f 1277//2175 1276//2175 830//2175
f 1277//2176 830//2176 832//2176
f 1278//2177 1277//2177 832//2177
f 1278//2178 832//2178 834//2178
f 1279//2179 1278//2179 834//2179
f 1279//2180 834//2180 836//2180
f 1280//2181 1279//2181 836//2181
f 1280//2182 836//2182 838//2182
f 1280//2183 838//2183 840//2183
f 1281//2184 1280//2184 840//2184
f 1282//2185 1281//2185 840//2185
f 1282//2186 840//2186 839//2186
f 1283//2187 1282//2187 839//2187
f 1283//2188 839//2188 841//2188
f 1284//2189 1283//2189 841//2189
f 1284//2190 841//2190 842//2190
f 1285//2191 842//2191 843//2191
f 1285//2192 1284//2192 842//2192
f 1286//2193 843//2193 844//2193
f 1286//2194 844//2194 845//2194
f 1286//2195 1285//2195 843//2195
f 1287//2196 1286//2196 845//2196
f 1288//2197 845//2197 846//2197
f 1288//2198 1287//2198 845//2198
f 1289//2199 846//2199 847//2199
f 1289//2200 847//2200 848//2200
f 1289//2201 1288//2201 846//2201
f 1290//2202 848//2202 849//2202
f 1290//2203 1289//2203 848//2203
f 1291//2204 1290//2204 849//2204
f 1292//2205 849//2205 850//2205
f 1292//2206 1291//2206 849//2206
f 1293//2207 850//2207 851//2207
f 1293//2208 851//2208 852//2208
f 1293//2209 1292//2209 850//2209
f 1294//2210 1293//2210 852//2210
f 1295//2211 852//2211 853//2211
f 1295//2212 1294//2212 852//2212
f 1296//2213 853//2213 870//2213
f 1296//2214 1295//2214 853//2214
f 1297//2215 1296//2215 870//2215
f 1297//2216 870//2216 872//2216
f 1298//2217 1297//2217 872//2217
f 1298//2218 872//2218 874//2218
f 1299//2219 1298//2219 874//2219
f 1299//2220 874//2220 876//2220
f 1299//2221 876//2221 878//2221
f 1300//2222 1299//2222 878//2222
f 1301//2223 1300//2223 878//2223
f 1301//2224 878//2224 880//2224
f 1302//2225 880//2225 882//2225
f 1302//2226 882//2226 884//2226
f 1302//2227 1301//2227 880//2227
f 1303//2228 1302//2228 884//2228
f 1304//2229 884//2229 886//2229
f 1304//2230 1303//2230 884//2230
f 1305//2231 886//2231 888//2231
f 1305//2232 1304//2232 886//2232
f 1306//2233 888//2233 890//2233
f 1306//2234 1305//2234 888//2234
f 1307//2235 890//2235 892//2235
f 1307//2236 1306//2236 890//2236
f 1308//2237 892//2237 894//2237
f 1308//2238 894//2238 896//2238
f 1308//2239 1307//2239 892//2239
f 1309//2240 1308//2240 896//2240
f 1310//2241 896//2241 898//2241
f 1310//2242 898//2242 900//2242
f 1310//2243 1309//2243 896//2243
f 1186//2244 1310//2244 900//2244
f 1311//2245 1312//2245 1027//2245
f 1311//2246 1027//2246 1029//2246
f 1313//2247 1029//2247 1030//2247
f 1313//2248 1311//2248 1029//2248
f 1314//2249 1030//2249 1031//2249
f 1314//2250 1031//2250 1032//2250
f 1314//2251 1313//2251 1030//2251
f 1315//2252 1314//2252 1032//2252
f 1316//2253 1032//2253 1033//2253
f 1316//2254 1315//2254 1032//2254
f 1317//2255 1033//2255 1034//2255
f 1317//2256 1034//2256 1035//2256
f 1317//2257 1316//2257 1033//2257
f 1318//2258 1035//2258 1036//2258
f 1318//2259 1317//2259 1035//2259
f 1319//2260 1318//2260 1036//2260
f 1320//2261 1036//2261 1037//2261
f 1320//2262 1319//2262 1036//2262
f 1321//2263 1037//2263 1038//2263
f 1321//2264 1320//2264 1037//2264
f 1322//2265 1321//2265 1038//2265
f 1322//2266 1038//2266 1039//2266
f 1323//2267 1322//2267 1039//2267
f 1323//2268 1039//2268 1040//2268
f 1323//2269 1040//2269 1041//2269
f 1324//2270 1323//2270 1041//2270
f 1325//2271 1324//2271 1041//2271
f 1325//2272 1041//2272 1042//2272
f 1326//2273 1042//2273 1043//2273
f 1326//2274 1325//2274 1042//2274
f 1327//2275 1043//2275 1044//2275
f 1327//2276 1044//2276 1045//2276
f 1327//2277 1326//2277 1043//2277
f 1328//2278 1327//2278 1045//2278
f 1329//2279 1045//2279 1046//2279
f 1329//2280 1328//2280 1045//2280
f 1330//2281 1046//2281 1047//2281
f 1330//2282 1047//2282 1048//2282
f 1330//2283 1329//2283 1046//2283
f 1331//2284 1330//2284 1048//2284
f 1332//2285 1048//2285 1049//2285
f 1332//2286 1049//2286 1050//2286
f 1332//2287 1331//2287 1048//2287
f 1333//2288 1050//2288 1051//2288
f 1333//2289 1332//2289 1050//2289
f 1334//2290 1051//2290 1052//2290
f 1334//2291 1333//2291 1051//2291
f 1335//2292 1334//2292 1052//2292
f 1336//2293 1052//2293 1053//2293
f 1336//2294 1335//2294 1052//2294
f 1337//2295 1053//2295 1054//2295
f 1337//2296 1054//2296 1055//2296
f 1337//2297 1336//2297 1053//2297
f 1338//2298 1337//2298 1055//2298
f 1339//2299 1055//2299 1056//2299
f 1339//2300 1338//2300 1055//2300
f 1340//2301 1056//2301 1057//2301
f 1340//2302 1339//2302 1056//2302
f 1341//2303 1057//2303 1058//2303
f 1341//2304 1340//2304 1057//2304
f 1342//2305 1058//2305 1028//2305
f 1342//2306 1028//2306 1026//2306
f 1342//2307 1341//2307 1058//2307
f 1343//2308 1342//2308 1026//2308
f 1344//2309 1026//2309 1024//2309
f 1344//2310 1343//2310 1026//2310
f 1345//2311 1024//2311 1022//2311
f 1345//2312 1344//2312 1024//2312
f 1346//2313 1022//2313 1020//2313
f 1346//2314 1345//2314 1022//2314
f 1347//2315 1020//2315 1018//2315
f 1347//2316 1346//2316 1020//2316
f 1348//2317 1018//2317 1016//2317
f 1348//2318 1347//2318 1018//2318
f 1349//2319 1348//2319 1016//2319
f 1349//2320 1016//2320 1014//2320
f 1350//2321 1349//2321 1014//2321
f 1350//2322 1014//2322 1012//2322
f 1350//2323 1012//2323 1010//2323
f 1351//2324 1350//2324 1010//2324
f 1352//2325 1351//2325 1010//2325
f 1352//2326 1010//2326 1008//2326
f 1353//2327 1352//2327 1008//2327
f 1353//2328 1008//2328 1006//2328
f 1354//2329 1353//2329 1006//2329
f 1354//2330 1006//2330 1004//2330
f 1355//2331 1354//2331 1004//2331
f 1355//2332 1004//2332 1002//2332
f 1356//2333 1355//2333 1002//2333
f 1356//2334 1002//2334 1000//2334
f 1356//2335 1000//2335 998//2335
f 1357//2336 1356//2336 998//2336
f 1357//2337 998//2337 996//2337
f 1358//2338 1357//2338 996//2338
f 1359//2339 996//2339 966//2339
f 1359//2340 1358//2340 996//2340
f 1360//2341 966//2341 965//2341
f 1360//2342 1359//2342 966//2342
f 1361//2343 965//2343 967//2343
f 1361//2344 1360//2344 965//2344
f 1362//2345 967//2345 968//2345
f 1362//2346 1361//2346 967//2346
f 1363//2347 968//2347 969//2347
f 1363//2348 1362//2348 968//2348
f 1364//2349 969//2349 970//2349
f 1364//2350 1363//2350 969//2350
f 1365//2351 970//2351 971//2351
f 1365//2352 1364//2352 970//2352
f 1366//2353 971//2353 972//2353
f 1366//2354 1365//2354 971//2354
f 1367//2355 972//2355 973//2355
f 1367//2356 1366//2356 972//2356
f 1368//2357 973//2357 974//2357
f 1368//2358 1367//2358 973//2358
f 1369//2359 974//2359 975//2359
f 1369//2360 1368//2360 974//2360
f 1370//2361 975//2361 976//2361
f 1370//2362 1369//2362 975//2362
f 1371//2363 976//2363 977//2363
f 1371//2364 1370//2364 976//2364
f 1372//2365 977//2365 978//2365
f 1372//2366 1371//2366 977//2366
f 1373//2367 1372//2367 978//2367
f 1373//2368 978//2368 979//2368
f 1374//2369 1373//2369 979//2369
f 1374//2370 979//2370 964//2370
f 1375//2371 1374//2371 964//2371
f 1375//2372 964//2372 962//2372
f 1376//2373 1375//2373 962//2373
f 1376//2374 962//2374 960//2374
f 1377//2375 1376//2375 960//2375
f 1377//2376 960//2376 958//2376
f 1378//2377 1377//2377 958//2377
f 1378//2378 958//2378 956//2378
f 1379//2379 1378//2379 956//2379
f 1379//2380 956//2380 954//2380
f 1380//2381 1379//2381 954//2381
f 1380//2382 954//2382 952//2382
f 1381//2383 1380//2383 952//2383
f 1381//2384 952//2384 950//2384
f 1382//2385 1381//2385 950//2385
f 1382//2386 950//2386 948//2386
f 1383//2387 1382//2387 948//2387
f 1383//2388 948//2388 946//2388
f 1384//2389 1383//2389 946//2389
f 1384//2390 946//2390 944//2390
f 1385//2391 1384//2391 944//2391
f 1385//2392 944//2392 942//2392
f 1386//2393 1385//2393 942//2393
f 1386//2394 942//2394 940//2394
f 1387//2395 1386//2395 940//2395
f 1387//2396 940//2396 938//2396
f 1388//2397 1387//2397 938//2397
f 1388//2398 938//2398 936//2398
f 1389//2399 1388//2399 936//2399
f 1389//2400 936//2400 933//2400
f 1389//2401 933//2401 934//2401
f 1390//2402 1389//2402 934//2402
f 1390//2403 934//2403 935//2403
f 1391//2404 1390//2404 935//2404
f 1392//2405 1391//2405 935//2405
f 1392//2406 935//2406 937//2406
f 1392//2407 937//2407 939//2407
f 1393//2408 1392//2408 939//2408
f 1394//2409 939//2409 941//2409
f 1394//2410 1393//2410 939//2410
f 1395//2411 941//2411 943//2411
f 1395//2412 943//2412 945//2412
f 1395//2413 1394//2413 941//2413
f 1396//2414 945//2414 947//2414
f 1396//2415 1395//2415 945//2415
f 1397//2416 1396//2416 947//2416
f 1398//2417 947//2417 949//2417
f 1398//2418 1397//2418 947//2418
f 1399//2419 1398//2419 949//2419
f 1399//2420 949//2420 951//2420
f 1400//2421 1399//2421 951//2421
f 1400//2422 951//2422 953//2422
f 1401//2423 1400//2423 953//2423
f 1401//2424 953//2424 955//2424
f 1402//2425 1401//2425 955//2425
f 1402//2426 955//2426 957//2426
f 1403//2427 1402//2427 957//2427
f 1403//2428 957//2428 959//2428
f 1404//2429 1403//2429 959//2429
f 1404//2430 959//2430 961//2430
f 1405//2431 1404//2431 961//2431
f 1405//2432 961//2432 963//2432
f 1406//2433 1405//2433 963//2433
f 1406//2434 963//2434 995//2434
f 1406//2435 995//2435 981//2435
f 1407//2436 1406//2436 981//2436
f 1408//2437 1407//2437 981//2437
f 1408//2438 981//2438 980//2438
f 1409//2439 1408//2439 980//2439
f 1409//2440 980//2440 982//2440
f 1410//2441 1409//2441 982//2441
f 1410//2442 982//2442 983//2442
f 1411//2443 983//2443 984//2443
f 1411//2444 1410//2444 983//2444
f 1412//2445 984//2445 985//2445
f 1412//2446 985//2446 986//2446
f 1412//2447 1411//2447 984//2447
f 1413//2448 1412//2448 986//2448
f 1414//2449 986//2449 987//2449
f 1414//2450 1413//2450 986//2450
f 1415//2451 987//2451 988//2451
f 1415//2452 988//2452 989//2452
f 1415//2453 1414//2453 987//2453
f 1416//2454 989//2454 990//2454
f 1416//2455 1415//2455 989//2455
f 1417//2456 1416//2456 990//2456
f 1418//2457 990//2457 991//2457
f 1418//2458 1417//2458 990//2458
f 1419//2459 991//2459 992//2459
f 1419//2460 992//2460 993//2460
f 1419//2461 1418//2461 991//2461
f 1420//2462 1419//2462 993//2462
f 1421//2463 993//2463 994//2463
f 1421//2464 1420//2464 993//2464
f 1422//2465 994//2465 997//2465
f 1422//2466 1421//2466 994//2466
f 1423//2467 1422//2467 997//2467
f 1423//2468 997//2468 999//2468
f 1424//2469 1423//2469 999//2469
f 1424//2470 999//2470 1001//2470
f 1425//2471 1424//2471 1001//2471
f 1425//2472 1001//2472 1003//2472
f 1425//2473 1003//2473 1005//2473
f 1426//2474 1425//2474 1005//2474
f 1427//2475 1426//2475 1005//2475
f 1427//2476 1005//2476 1007//2476
f 1428//2477 1007//2477 1009//2477
f 1428//2478 1009//2478 1011//2478
f 1428//2479 1427//2479 1007//2479
f 1429//2480 1428//2480 1011//2480
f 1430//2481 1011//2481 1013//2481
f 1430//2482 1429//2482 1011//2482
f 1431//2483 1013//2483 1015//2483
f 1431//2484 1430//2484 1013//2484
f 1432//2485 1015//2485 1017//2485
f 1432//2486 1431//2486 1015//2486
f 1433//2487 1017//2487 1019//2487
f 1433//2488 1432//2488 1017//2488
f 1434//2489 1019//2489 1021//2489
f 1434//2490 1021//2490 1023//2490
f 1434//2491 1433//2491 1019//2491
f 1435//2492 1434//2492 1023//2492
f 1436//2493 1023//2493 1025//2493
f 1436//2494 1025//2494 1027//2494
f 1436//2495 1435//2495 1023//2495
f 1312//2496 1436//2496 1027//2496
f 1140//2497 1137//2497 1138//2497
f 1140//2498 1138//2498 1139//2498
f 1135//2499 1136//2499 1137//2499
f 1134//2500 1135//2500 1137//2500
f 1133//2501 1137//2501 1140//2501
f 1133//2502 1134//2502 1137//2502
f 1144//2503 1141//2503 1142//2503
f 1144//2504 1142//2504 1143//2504
f 1131//2505 1132//2505 1133//2505
f 1130//2506 1131//2506 1133//2506
f 1146//2507 1141//2507 1144//2507
f 1146//2508 1140//2508 1141//2508
f 1146//2509 1144//2509 1145//2509
f 1148//2510 1146//2510 1147//2510
f 1127//2511 1128//2511 1129//2511
f 1150//2512 1148//2512 1149//2512
f 1151//2513 1146//2513 1148//2513
f 1151//2514 1148//2514 1150//2514
f 1124//2515 1125//2515 1126//2515
f 1124//2516 1126//2516 1127//2516
f 1122//2517 1123//2517 1124//2517
f 1122//2518 1124//2518 1127//2518
f 1155//2519 1152//2519 1153//2519
f 1155//2520 1153//2520 1154//2520
f 1120//2521 1121//2521 1122//2521
f 1156//2522 1151//2522 1152//2522
f 1156//2523 1152//2523 1155//2523
f 1118//2524 1119//2524 1120//2524
f 1118//2525 1120//2525 1122//2525
f 1158//2526 1156//2526 1157//2526
f 1159//2527 1156//2527 1158//2527
f 1159//2528 1146//2528 1151//2528
f 1159//2529 1151//2529 1156//2529
f 1116//2530 1117//2530 1118//2530
f 1161//2531 1159//2531 1160//2531
f 1161//2532 1140//2532 1146//2532
f 1161//2533 1146//2533 1159//2533
f 1114//2534 1118//2534 1122//2534
f 1114//2535 1116//2535 1118//2535
f 1114//2536 1115//2536 1116//2536
f 1164//2537 1161//2537 1162//2537
f 1164//2538 1162//2538 1163//2538
f 1109//2539 1110//2539 1111//2539
f 1109//2540 1111//2540 1112//2540
f 1109//2541 1112//2541 1113//2541
f 1109//2542 1113//2542 1114//2542
f 1168//2543 1164//2543 1165//2543
f 1168//2544 1165//2544 1166//2544
f 1168//2545 1166//2545 1167//2545
f 1106//2546 1107//2546 1108//2546
f 1106//2547 1108//2547 1109//2547
f 1105//2548 1106//2548 1109//2548
f 1171//2549 1168//2549 1169//2549
f 1171//2550 1169//2550 1170//2550
f 1171//2551 1161//2551 1164//2551
f 1171//2552 1164//2552 1168//2552
f 1171//2553 1133//2553 1140//2553
f 1171//2554 1140//2554 1161//2554
f 1103//2555 1104//2555 1105//2555
f 1174//2556 1171//2556 1172//2556
f 1174//2557 1172//2557 1173//2557
f 1101//2558 1102//2558 1103//2558
f 1101//2559 1105//2559 1109//2559
f 1101//2560 1103//2560 1105//2560
f 1099//2561 1100//2561 1101//2561
f 1177//2562 1174//2562 1175//2562
f 1177//2563 1175//2563 1176//2563
f 1098//2564 1099//2564 1101//2564
f 1178//2565 1133//2565 1171//2565
f 1178//2566 1174//2566 1177//2566
f 1178//2567 1130//2567 1133//2567
f 1178//2568 1171//2568 1174//2568
f 1178//2569 1129//2569 1130//2569
f 1097//2570 1101//2570 1109//2570
f 1097//2571 1098//2571 1101//2571
f 1179//2572 1127//2572 1129//2572
f 1179//2573 1129//2573 1178//2573
f 1095//2574 1096//2574 1097//2574
f 1095//2575 1097//2575 1109//2575
f 1182//2576 1180//2576 1181//2576
f 1093//2577 1094//2577 1095//2577
f 1183//2578 1179//2578 1180//2578
f 1183//2579 1122//2579 1127//2579
f 1183//2580 1127//2580 1179//2580
f 1183//2581 1180//2581 1182//2581
f 1060//2582 1122//2582 1183//2582
f 1060//2583 1183//2583 1184//2583
f 1090//2584 1091//2584 1092//2584
f 1089//2585 1090//2585 1092//2585
f 1061//2586 1060//2586 1059//2586
f 1088//2587 1089//2587 1092//2587
f 1088//2588 1092//2588 1093//2588
f 1063//2589 1061//2589 1062//2589
f 1063//2590 1060//2590 1061//2590
f 1063//2591 1114//2591 1122//2591
f 1063//2592 1122//2592 1060//2592
f 1086//2593 1093//2593 1095//2593
f 1086//2594 1088//2594 1093//2594
f 1086//2595 1087//2595 1088//2595
f 1084//2596 1086//2596 1095//2596
f 1084//2597 1085//2597 1086//2597
f 1066//2598 1063//2598 1064//2598
f 1066//2599 1064//2599 1065//2599
f 1067//2600 1114//2600 1063//2600
f 1067//2601 1063//2601 1066//2601
f 1082//2602 1083//2602 1084//2602
f 1080//2603 1084//2603 1095//2603
f 1080//2604 1081//2604 1082//2604
f 1080//2605 1082//2605 1084//2605
f 1080//2606 1095//2606 1109//2606
f 1072//2607 1067//2607 1068//2607
f 1072//2608 1068//2608 1069//2608
f 1072//2609 1069//2609 1070//2609
f 1072//2610 1070//2610 1071//2610
f 1072//2611 1109//2611 1114//2611
f 1072//2612 1114//2612 1067//2612
f 1072//2613 1080//2613 1109//2613
f 1077//2614 1078//2614 1079//2614
f 1077//2615 1079//2615 1080//2615
f 1076//2616 1077//2616 1080//2616
f 1075//2617 1072//2617 1073//2617
f 1075//2618 1073//2618 1074//2618
f 1075//2619 1080//2619 1072//2619
f 1075//2620 1076//2620 1080//2620
f 1262//2621 1263//2621 1264//2621
f 1260//2622 1261//2622 1262//2622
f 1269//2623 1265//2623 1266//2623
f 1269//2624 1266//2624 1267//2624
f 1269//2625 1267//2625 1268//2625
f 1258//2626 1260//2626 1262//2626
f 1258//2627 1259//2627 1260//2627
f 1271//2628 1269//2628 1270//2628
f 1256//2629 1257//2629 1258//2629
f 1272//2630 1269//2630 1271//2630
f 1273//2631 1269//2631 1272//2631
f 1254//2632 1256//2632 1258//2632
f 1254//2633 1255//2633 1256//2633
f 1275//2634 1273//2634 1274//2634
f 1251//2635 1252//2635 1253//2635
f 1251//2636 1253//2636 1254//2636
f 1277//2637 1275//2637 1276//2637
f 1249//2638 1250//2638 1251//2638
f 1249//2639 1251//2639 1254//2639
f 1279//2640 1275//2640 1277//2640
f 1279//2641 1277//2641 1278//2641
f 1281//2642 1269//2642 1273//2642
f 1281//2643 1273//2643 1275//2643
f 1281//2644 1275//2644 1279//2644
f 1281//2645 1279//2645 1280//2645
f 1246//2646 1247//2646 1248//2646
f 1245//2647 1248//2647 1249//2647
f 1245//2648 1246//2648 1248//2648
f 1283//2649 1281//2649 1282//2649
f 1243//2650 1244//2650 1245//2650
f 1285//2651 1283//2651 1284//2651
f 1286//2652 1281//2652 1283//2652
f 1286//2653 1283//2653 1285//2653
f 1286//2654 1269//2654 1281//2654
f 1241//2655 1243//2655 1245//2655
f 1241//2656 1242//2656 1243//2656
f 1288//2657 1286//2657 1287//2657
f 1290//2658 1288//2658 1289//2658
f 1290//2659 1286//2659 1288//2659
f 1237//2660 1238//2660 1239//2660
f 1237//2661 1239//2661 1240//2661
f 1292//2662 1290//2662 1291//2662
f 1292//2663 1286//2663 1290//2663
f 1293//2664 1269//2664 1286//2664
f 1293//2665 1286//2665 1292//2665
f 1293//2666 1265//2666 1269//2666
f 1293//2667 1264//2667 1265//2667
f 1233//2668 1234//2668 1235//2668
f 1233//2669 1235//2669 1236//2669
f 1297//2670 1293//2670 1294//2670
f 1297//2671 1294//2671 1295//2671
f 1297//2672 1295//2672 1296//2672
f 1229//2673 1230//2673 1231//2673
f 1229//2674 1231//2674 1232//2674
f 1229//2675 1232//2675 1233//2675
f 1299//2676 1297//2676 1298//2676
f 1299//2677 1264//2677 1293//2677
f 1299//2678 1258//2678 1262//2678
f 1299//2679 1262//2679 1264//2679
f 1299//2680 1293//2680 1297//2680
f 1299//2681 1254//2681 1258//2681
f 1228//2682 1229//2682 1233//2682
f 1226//2683 1227//2683 1228//2683
f 1302//2684 1300//2684 1301//2684
f 1225//2685 1226//2685 1228//2685
f 1304//2686 1302//2686 1303//2686
f 1304//2687 1300//2687 1302//2687
f 1223//2688 1224//2688 1225//2688
f 1305//2689 1299//2689 1300//2689
f 1305//2690 1254//2690 1299//2690
f 1305//2691 1300//2691 1304//2691
f 1221//2692 1222//2692 1223//2692
f 1221//2693 1223//2693 1225//2693
f 1307//2694 1305//2694 1306//2694
f 1307//2695 1254//2695 1305//2695
f 1307//2696 1249//2696 1254//2696
f 1219//2697 1220//2697 1221//2697
f 1309//2698 1307//2698 1308//2698
f 1217//2699 1219//2699 1221//2699
f 1217//2700 1218//2700 1219//2700
f 1186//2701 1309//2701 1310//2701
f 1216//2702 1217//2702 1221//2702
f 1216//2703 1221//2703 1225//2703
f 1214//2704 1215//2704 1216//2704
f 1188//2705 1186//2705 1185//2705
f 1188//2706 1185//2706 1187//2706
f 1188//2707 1245//2707 1249//2707
f 1188//2708 1307//2708 1309//2708
f 1188//2709 1309//2709 1186//2709
f 1188//2710 1249//2710 1307//2710
f 1212//2711 1214//2711 1216//2711
f 1212//2712 1213//2712 1214//2712
f 1190//2713 1188//2713 1189//2713
f 1191//2714 1241//2714 1245//2714
f 1191//2715 1245//2715 1188//2715
f 1191//2716 1188//2716 1190//2716
f 1210//2717 1211//2717 1212//2717
f 1192//2718 1241//2718 1191//2718
f 1192//2719 1240//2719 1241//2719
f 1208//2720 1216//2720 1225//2720
f 1208//2721 1212//2721 1216//2721
f 1208//2722 1209//2722 1210//2722
f 1208//2723 1210//2723 1212//2723
f 1208//2724 1225//2724 1228//2724
f 1196//2725 1192//2725 1193//2725
f 1196//2726 1193//2726 1194//2726
f 1196//2727 1194//2727 1195//2727
f 1196//2728 1240//2728 1192//2728
f 1197//2729 1237//2729 1240//2729
f 1197//2730 1240//2730 1196//2730
f 1204//2731 1205//2731 1206//2731
f 1204//2732 1206//2732 1207//2732
f 1204//2733 1207//2733 1208//2733
f 1200//2734 1197//2734 1198//2734
f 1200//2735 1198//2735 1199//2735
f 1200//2736 1236//2736 1237//2736
f 1200//2737 1233//2737 1236//2737
f 1200//2738 1237//2738 1197//2738
f 1201//2739 1202//2739 1203//2739
f 1201//2740 1203//2740 1204//2740
f 1201//2741 1204//2741 1208//2741
f 1201//2742 1208//2742 1228//2742
f 1201//2743 1228//2743 1233//2743
f 1201//2744 1233//2744 1200//2744
f 1392//2745 1389//2745 1390//2745
f 1392//2746 1390//2746 1391//2746
f 1387//2747 1388//2747 1389//2747
f 1386//2748 1387//2748 1389//2748
f 1385//2749 1389//2749 1392//2749
f 1385//2750 1386//2750 1389//2750
f 1396//2751 1393//2751 1394//2751
f 1396//2752 1394//2752 1395//2752
f 1383//2753 1384//2753 1385//2753
f 1382//2754 1383//2754 1385//2754
f 1398//2755 1393//2755 1396//2755
f 1398//2756 1392//2756 1393//2756
f 1398//2757 1396//2757 1397//2757
f 1400//2758 1398//2758 1399//2758
f 1379//2759 1380//2759 1381//2759
f 1402//2760 1400//2760 1401//2760
f 1403//2761 1398//2761 1400//2761
f 1403//2762 1400//2762 1402//2762
f 1376//2763 1377//2763 1378//2763
f 1376//2764 1378//2764 1379//2764
f 1374//2765 1375//2765 1376//2765
f 1374//2766 1376//2766 1379//2766
f 1407//2767 1404//2767 1405//2767
f 1407//2768 1405//2768 1406//2768
f 1372//2769 1373//2769 1374//2769
f 1408//2770 1403//2770 1404//2770
f 1408//2771 1404//2771 1407//2771
f 1370//2772 1371//2772 1372//2772
f 1370//2773 1372//2773 1374//2773
f 1410//2774 1408//2774 1409//2774
f 1411//2775 1408//2775 1410//2775
f 1411//2776 1398//2776 1403//2776
f 1411//2777 1403//2777 1408//2777
f 1368//2778 1369//2778 1370//2778
f 1413//2779 1411//2779 1412//2779
f 1413//2780 1392//2780 1398//2780
f 1413//2781 1398//2781 1411//2781
f 1366//2782 1370//2782 1374//2782
f 1366//2783 1368//2783 1370//2783
f 1366//2784 1367//2784 1368//2784
f 1416//2785 1413//2785 1414//2785
f 1416//2786 1414//2786 1415//2786
f 1361//2787 1362//2787 1363//2787
f 1361//2788 1363//2788 1364//2788
f 1361//2789 1364//2789 1365//2789
f 1361//2790 1365//2790 1366//2790
f 1420//2791 1416//2791 1417//2791
f 1420//2792 1417//2792 1418//2792
f 1420//2793 1418//2793 1419//2793
f 1358//2794 1359//2794 1360//2794
f 1358//2795 1360//2795 1361//2795
f 1357//2796 1358//2796 1361//2796
f 1423//2797 1420//2797 1421//2797
f 1423//2798 1421//2798 1422//2798
f 1423//2799 1413//2799 1416//2799
f 1423//2800 1416//2800 1420//2800
f 1423//2801 1385//2801 1392//2801
f 1423//2802 1392//2802 1413//2802
f 1355//2803 1356//2803 1357//2803
f 1426//2804 1423//2804 1424//2804
f 1426//2805 1424//2805 1425//2805
f 1353//2806 1354//2806 1355//2806
f 1353//2807 1357//2807 1361//2807
f 1353//2808 1355//2808 1357//2808
f 1351//2809 1352//2809 1353//2809
f 1429//2810 1426//2810 1427//2810
f 1429//2811 1427//2811 1428//2811
f 1350//2812 1351//2812 1353//2812
f 1430//2813 1385//2813 1423//2813
f 1430//2814 1426//2814 1429//2814
f 1430//2815 1382//2815 1385//2815
f 1430//2816 1423//2816 1426//2816
f 1430//2817 1381//2817 1382//2817
f 1349//2818 1353//2818 1361//2818
f 1349//2819 1350//2819 1353//2819
f 1431//2820 1379//2820 1381//2820
f 1431//2821 1381//2821 1430//2821
f 1347//2822 1348//2822 1349//2822
f 1347//2823 1349//2823 1361//2823
f 1434//2824 1432//2824 1433//2824
f 1345//2825 1346//2825 1347//2825
f 1435//2826 1431//2826 1432//2826
f 1435//2827 1374//2827 1379//2827
f 1435//2828 1379//2828 1431//2828
f 1435//2829 1432//2829 1434//2829
f 1312//2830 1374//2830 1435//2830
f 1312//2831 1435//2831 1436//2831
f 1342//2832 1343//2832 1344//2832
f 1341//2833 1342//2833 1344//2833
f 1313//2834 1312//2834 1311//2834
f 1340//2835 1341//2835 1344//2835
f 1340//2836 1344//2836 1345//2836
f 1315//2837 1313//2837 1314//2837
f 1315//2838 1312//2838 1313//2838
f 1315//2839 1366//2839 1374//2839
f 1315//2840 1374//2840 1312//2840
f 1338//2841 1345//2841 1347//2841
f 1338//2842 1340//2842 1345//2842
f 1338//2843 1339//2843 1340//2843
f 1336//2844 1338//2844 1347//2844
f 1336//2845 1337//2845 1338//2845
f 1318//2846 1315//2846 1316//2846
f 1318//2847 1316//2847 1317//2847
f 1319//2848 1366//2848 1315//2848
f 1319//2849 1315//2849 1318//2849
f 1334//2850 1335//2850 1336//2850
f 1332//2851 1336//2851 1347//2851
f 1332//2852 1333//2852 1334//2852
f 1332//2853 1334//2853 1336//2853
f 1332//2854 1347//2854 1361//2854
f 1324//2855 1319//2855 1320//2855
f 1324//2856 1320//2856 1321//2856
f 1324//2857 1321//2857 1322//2857
f 1324//2858 1322//2858 1323//2858
f 1324//2859 1361//2859 1366//2859
f 1324//2860 1366//2860 1319//2860
f 1324//2861 1332//2861 1361//2861
f 1329//2862 1330//2862 1331//2862
f 1329//2863 1331//2863 1332//2863
f 1328//2864 1329//2864 1332//2864
f 1327//2865 1324//2865 1325//2865
f 1327//2866 1325//2866 1326//2866
f 1327//2867 1332//2867 1324//2867
f 1327//2868 1328//2868 1332//2868
